chemistry	coverage	seed	arm	condition	n_reads	corrupted_base_fraction	digest	n_contigs	total_length	largest_contig	n50	wall_seconds
illumina	5	42	qualmer	oracle	180	0.00196	b2d55dc8068d8f10b3ca8a51380023c1d36698ffa38a3e0f91f4cc287c0139ac	141	17253	853	210	4.908
illumina	5	42	qualmer	constant40	180	0.00196	b2d55dc8068d8f10b3ca8a51380023c1d36698ffa38a3e0f91f4cc287c0139ac	141	17253	853	210	0.317
illumina	5	42	qualmer	constant02	180	0.00196	b2d55dc8068d8f10b3ca8a51380023c1d36698ffa38a3e0f91f4cc287c0139ac	141	17253	853	210	0.275
illumina	5	42	qualmer	antioracle	180	0.00196	b2d55dc8068d8f10b3ca8a51380023c1d36698ffa38a3e0f91f4cc287c0139ac	141	17253	853	210	0.264
illumina	5	42	kmer	fasta_no_quality	180	0.00196	b2d55dc8068d8f10b3ca8a51380023c1d36698ffa38a3e0f91f4cc287c0139ac	141	17253	853	210	1.609
illumina	5	42	qualmer	sensitivity_control_1base	180	0.00196	ecf2493ad552a9bb7807157c0716d2130ab200a65e849986cbdcc6ddd30f9384	-1	-1	-1	-1	-1.0
illumina	5	123	qualmer	oracle	180	0.00167	34db01d17f4de606d020a49cf3f8d8471c1c02d182f2110e5eb329c9e4c65e46	111	15730	1079	374	0.202
illumina	5	123	qualmer	constant40	180	0.00167	34db01d17f4de606d020a49cf3f8d8471c1c02d182f2110e5eb329c9e4c65e46	111	15730	1079	374	0.248
illumina	5	123	qualmer	constant02	180	0.00167	34db01d17f4de606d020a49cf3f8d8471c1c02d182f2110e5eb329c9e4c65e46	111	15730	1079	374	0.282
illumina	5	123	qualmer	antioracle	180	0.00167	34db01d17f4de606d020a49cf3f8d8471c1c02d182f2110e5eb329c9e4c65e46	111	15730	1079	374	0.235
illumina	5	123	kmer	fasta_no_quality	180	0.00167	34db01d17f4de606d020a49cf3f8d8471c1c02d182f2110e5eb329c9e4c65e46	111	15730	1079	374	0.137
illumina	5	123	qualmer	sensitivity_control_1base	180	0.00167	57aeb4a5b376484d5bb866771afe4b410f6176bdec561a42b58d585454676136	-1	-1	-1	-1	-1.0
illumina	10	42	qualmer	oracle	360	0.00183	20d8b97865055d517794bdedbb6e2d5678d4d7d694562ba5e9cffe48d06e33a0	205	21412	2124	144	0.51
illumina	10	42	qualmer	constant40	360	0.00183	20d8b97865055d517794bdedbb6e2d5678d4d7d694562ba5e9cffe48d06e33a0	205	21412	2124	144	1.526
illumina	10	42	qualmer	constant02	360	0.00183	20d8b97865055d517794bdedbb6e2d5678d4d7d694562ba5e9cffe48d06e33a0	205	21412	2124	144	0.347
illumina	10	42	qualmer	antioracle	360	0.00183	20d8b97865055d517794bdedbb6e2d5678d4d7d694562ba5e9cffe48d06e33a0	205	21412	2124	144	1.13
illumina	10	42	kmer	fasta_no_quality	360	0.00183	20d8b97865055d517794bdedbb6e2d5678d4d7d694562ba5e9cffe48d06e33a0	205	21412	2124	144	0.665
illumina	10	42	qualmer	sensitivity_control_1base	360	0.00183	139df5a3b752bcce8a1b1f3e5740755bb7328749e37dda950978acc6af99cf67	-1	-1	-1	-1	-1.0
illumina	10	123	qualmer	oracle	360	0.00211	aa3d3a1174be884ae9f68425e64c2216befcfad029a877604760ac1e494e6a03	230	22742	1709	84	1.152
illumina	10	123	qualmer	constant40	360	0.00211	aa3d3a1174be884ae9f68425e64c2216befcfad029a877604760ac1e494e6a03	230	22742	1709	84	0.982
illumina	10	123	qualmer	constant02	360	0.00211	aa3d3a1174be884ae9f68425e64c2216befcfad029a877604760ac1e494e6a03	230	22742	1709	84	0.544
illumina	10	123	qualmer	antioracle	360	0.00211	aa3d3a1174be884ae9f68425e64c2216befcfad029a877604760ac1e494e6a03	230	22742	1709	84	1.132
illumina	10	123	kmer	fasta_no_quality	360	0.00211	aa3d3a1174be884ae9f68425e64c2216befcfad029a877604760ac1e494e6a03	230	22742	1709	84	0.946
illumina	10	123	qualmer	sensitivity_control_1base	360	0.00211	3f148a2e3734b09915422720b295d6651f0082d0637d933745c4a29dcabee359	-1	-1	-1	-1	-1.0
illumina	30	42	qualmer	oracle	1078	0.00204	05987396f50d4561188c8a3c4ae26a0c05febd76f88f9221e85a13bdfe67267b	595	44068	5375	61	2.276
illumina	30	42	qualmer	constant40	1078	0.00204	05987396f50d4561188c8a3c4ae26a0c05febd76f88f9221e85a13bdfe67267b	595	44068	5375	61	2.008
illumina	30	42	qualmer	constant02	1078	0.00204	05987396f50d4561188c8a3c4ae26a0c05febd76f88f9221e85a13bdfe67267b	595	44068	5375	61	1.861
illumina	30	42	qualmer	antioracle	1078	0.00204	05987396f50d4561188c8a3c4ae26a0c05febd76f88f9221e85a13bdfe67267b	595	44068	5375	61	2.149
illumina	30	42	kmer	fasta_no_quality	1078	0.00204	05987396f50d4561188c8a3c4ae26a0c05febd76f88f9221e85a13bdfe67267b	595	44068	5375	61	1.343
illumina	30	42	qualmer	sensitivity_control_1base	1078	0.00204	8f55fb5287a950221e90e4c46a6ac8fc00455b2dd375f179a55da6c2a9dc9086	-1	-1	-1	-1	-1.0
illumina	30	123	qualmer	oracle	1078	0.00215	1e7cd668f3fd7426d40ddb69260a766d664524e89c5b4bd6f2b1fdaf701a5e3a	628	45524	5382	61	0.853
illumina	30	123	qualmer	constant40	1078	0.00215	1e7cd668f3fd7426d40ddb69260a766d664524e89c5b4bd6f2b1fdaf701a5e3a	628	45524	5382	61	1.773
illumina	30	123	qualmer	constant02	1078	0.00215	1e7cd668f3fd7426d40ddb69260a766d664524e89c5b4bd6f2b1fdaf701a5e3a	628	45524	5382	61	2.114
illumina	30	123	qualmer	antioracle	1078	0.00215	1e7cd668f3fd7426d40ddb69260a766d664524e89c5b4bd6f2b1fdaf701a5e3a	628	45524	5382	61	1.686
illumina	30	123	kmer	fasta_no_quality	1078	0.00215	1e7cd668f3fd7426d40ddb69260a766d664524e89c5b4bd6f2b1fdaf701a5e3a	628	45524	5382	61	0.827
illumina	30	123	qualmer	sensitivity_control_1base	1078	0.00215	62a6fbf11e01fa4c4769ff5e66be1a3217e355cd322ecd2ccb1a50f8ec61dc3c	-1	-1	-1	-1	-1.0
pacbio	5	42	qualmer	oracle	14	0.02322	17ac01d167f07c0cebd3581c42e0ab9b68092ba7282296c3a257b982bf424e96	864	67822	591	86	1.362
pacbio	5	42	qualmer	constant40	14	0.02322	17ac01d167f07c0cebd3581c42e0ab9b68092ba7282296c3a257b982bf424e96	864	67822	591	86	0.626
pacbio	5	42	qualmer	constant02	14	0.02322	17ac01d167f07c0cebd3581c42e0ab9b68092ba7282296c3a257b982bf424e96	864	67822	591	86	1.144
pacbio	5	42	qualmer	antioracle	14	0.02322	17ac01d167f07c0cebd3581c42e0ab9b68092ba7282296c3a257b982bf424e96	864	67822	591	86	1.044
pacbio	5	42	kmer	fasta_no_quality	14	0.02322	17ac01d167f07c0cebd3581c42e0ab9b68092ba7282296c3a257b982bf424e96	864	67822	591	86	0.311
pacbio	5	42	qualmer	sensitivity_control_1base	14	0.02322	3b06644a3fa3325341780f328d4ccfbd6041a318ee157d64a1141a8dc9ec62ee	-1	-1	-1	-1	-1.0
pacbio	5	123	qualmer	oracle	14	0.02252	9204030fa34767e1fffa786bb2ab209b2877ac785d766d0bb2fec27b1ef60511	912	69715	270	81	0.757
pacbio	5	123	qualmer	constant40	14	0.02252	9204030fa34767e1fffa786bb2ab209b2877ac785d766d0bb2fec27b1ef60511	912	69715	270	81	1.651
pacbio	5	123	qualmer	constant02	14	0.02252	9204030fa34767e1fffa786bb2ab209b2877ac785d766d0bb2fec27b1ef60511	912	69715	270	81	0.601
pacbio	5	123	qualmer	antioracle	14	0.02252	9204030fa34767e1fffa786bb2ab209b2877ac785d766d0bb2fec27b1ef60511	912	69715	270	81	0.995
pacbio	5	123	kmer	fasta_no_quality	14	0.02252	9204030fa34767e1fffa786bb2ab209b2877ac785d766d0bb2fec27b1ef60511	912	69715	270	81	0.235
pacbio	5	123	qualmer	sensitivity_control_1base	14	0.02252	3aa95be7aab6683ca13ef57bc06bb23c11d3dbc072f77b2a391c5c8eeb3137d7	-1	-1	-1	-1	-1.0
pacbio	10	42	qualmer	oracle	27	0.02369	544be5aa73d656bef9df6e68fc0ce0b2bda4bee720118be5cceb5a05e5ad74d5	1518	118783	626	80	2.135
pacbio	10	42	qualmer	constant40	27	0.02369	544be5aa73d656bef9df6e68fc0ce0b2bda4bee720118be5cceb5a05e5ad74d5	1518	118783	626	80	1.654
pacbio	10	42	qualmer	constant02	27	0.02369	544be5aa73d656bef9df6e68fc0ce0b2bda4bee720118be5cceb5a05e5ad74d5	1518	118783	626	80	1.829
pacbio	10	42	qualmer	antioracle	27	0.02369	544be5aa73d656bef9df6e68fc0ce0b2bda4bee720118be5cceb5a05e5ad74d5	1518	118783	626	80	1.996
pacbio	10	42	kmer	fasta_no_quality	27	0.02369	544be5aa73d656bef9df6e68fc0ce0b2bda4bee720118be5cceb5a05e5ad74d5	1518	118783	626	80	0.63
pacbio	10	42	qualmer	sensitivity_control_1base	27	0.02369	83870a28bdc4a147d018d53c13012e9beca7bfb1bd956fab159182c3523000d8	-1	-1	-1	-1	-1.0
pacbio	10	123	qualmer	oracle	27	0.02326	23c810c70252e8ea76ff47b1c53f4e26aab4c92bd414fbe91e50d7c5f4a5be16	1613	124090	335	80	1.99
pacbio	10	123	qualmer	constant40	27	0.02326	23c810c70252e8ea76ff47b1c53f4e26aab4c92bd414fbe91e50d7c5f4a5be16	1613	124090	335	80	1.15
pacbio	10	123	qualmer	constant02	27	0.02326	23c810c70252e8ea76ff47b1c53f4e26aab4c92bd414fbe91e50d7c5f4a5be16	1613	124090	335	80	1.787
pacbio	10	123	qualmer	antioracle	27	0.02326	23c810c70252e8ea76ff47b1c53f4e26aab4c92bd414fbe91e50d7c5f4a5be16	1613	124090	335	80	1.732
pacbio	10	123	kmer	fasta_no_quality	27	0.02326	23c810c70252e8ea76ff47b1c53f4e26aab4c92bd414fbe91e50d7c5f4a5be16	1613	124090	335	80	1.512
pacbio	10	123	qualmer	sensitivity_control_1base	27	0.02326	fc191272793d5a20eebd6a23bb6a6838d53938b7488c034ccce3ff6594e0df44	-1	-1	-1	-1	-1.0
pacbio	30	42	qualmer	oracle	81	0.02368	d8a730d3ff73ac1cb2fe4a31c09e28e05a4da245ea1e92603850fa11c1e57dd6	4484	336305	2511	75	7.115
pacbio	30	42	qualmer	constant40	81	0.02368	d8a730d3ff73ac1cb2fe4a31c09e28e05a4da245ea1e92603850fa11c1e57dd6	4484	336305	2511	75	4.6
pacbio	30	42	qualmer	constant02	81	0.02368	d8a730d3ff73ac1cb2fe4a31c09e28e05a4da245ea1e92603850fa11c1e57dd6	4484	336305	2511	75	4.909
pacbio	30	42	qualmer	antioracle	81	0.02368	d8a730d3ff73ac1cb2fe4a31c09e28e05a4da245ea1e92603850fa11c1e57dd6	4484	336305	2511	75	6.478
pacbio	30	42	kmer	fasta_no_quality	81	0.02368	d8a730d3ff73ac1cb2fe4a31c09e28e05a4da245ea1e92603850fa11c1e57dd6	4484	336305	2511	75	2.535
pacbio	30	42	qualmer	sensitivity_control_1base	81	0.02368	7b6b60f72463fa9f0b06fa9a562135ec3dc232e81d958ab4452d7edfcbf23f34	-1	-1	-1	-1	-1.0
pacbio	30	123	qualmer	oracle	81	0.02316	862f19a81011faf2ad9d42d824d10501e1d28eb03f289cea99c9b3b97378002e	4455	337080	1868	76	5.141
pacbio	30	123	qualmer	constant40	81	0.02316	862f19a81011faf2ad9d42d824d10501e1d28eb03f289cea99c9b3b97378002e	4455	337080	1868	76	5.65
pacbio	30	123	qualmer	constant02	81	0.02316	862f19a81011faf2ad9d42d824d10501e1d28eb03f289cea99c9b3b97378002e	4455	337080	1868	76	5.234
pacbio	30	123	qualmer	antioracle	81	0.02316	862f19a81011faf2ad9d42d824d10501e1d28eb03f289cea99c9b3b97378002e	4455	337080	1868	76	5.669
pacbio	30	123	kmer	fasta_no_quality	81	0.02316	862f19a81011faf2ad9d42d824d10501e1d28eb03f289cea99c9b3b97378002e	4455	337080	1868	76	2.417
pacbio	30	123	qualmer	sensitivity_control_1base	81	0.02316	9cb0d111fa80da67d675656e215b8c133a118bba7dc6c0309d29aae613b87cf6	-1	-1	-1	-1	-1.0
ont	5	42	qualmer	oracle	9	0.04436	6e1f03a6a37656d95c8e9e5c1216f944383a43f285a187a055c1018910960edb	508	65534	1096	173	0.63
ont	5	42	qualmer	constant40	9	0.04436	6e1f03a6a37656d95c8e9e5c1216f944383a43f285a187a055c1018910960edb	508	65534	1096	173	0.739
ont	5	42	qualmer	constant02	9	0.04436	6e1f03a6a37656d95c8e9e5c1216f944383a43f285a187a055c1018910960edb	508	65534	1096	173	0.706
ont	5	42	qualmer	antioracle	9	0.04436	6e1f03a6a37656d95c8e9e5c1216f944383a43f285a187a055c1018910960edb	508	65534	1096	173	0.798
ont	5	42	kmer	fasta_no_quality	9	0.04436	6e1f03a6a37656d95c8e9e5c1216f944383a43f285a187a055c1018910960edb	508	65534	1096	173	0.255
ont	5	42	qualmer	sensitivity_control_1base	9	0.04436	1e49a79e325a3ccb372cc50ccc84462301bf47ba4e090d1c75701be8e85b585c	-1	-1	-1	-1	-1.0
ont	5	123	qualmer	oracle	9	0.0444	f0a73507a946edabfba96ed3f84517a264595d0b1ee17a6f8f792c8346198c9c	530	66338	1022	173	0.771
ont	5	123	qualmer	constant40	9	0.0444	f0a73507a946edabfba96ed3f84517a264595d0b1ee17a6f8f792c8346198c9c	530	66338	1022	173	0.686
ont	5	123	qualmer	constant02	9	0.0444	f0a73507a946edabfba96ed3f84517a264595d0b1ee17a6f8f792c8346198c9c	530	66338	1022	173	0.672
ont	5	123	qualmer	antioracle	9	0.0444	f0a73507a946edabfba96ed3f84517a264595d0b1ee17a6f8f792c8346198c9c	530	66338	1022	173	0.681
ont	5	123	kmer	fasta_no_quality	9	0.0444	f0a73507a946edabfba96ed3f84517a264595d0b1ee17a6f8f792c8346198c9c	530	66338	1022	173	0.214
ont	5	123	qualmer	sensitivity_control_1base	9	0.0444	104b27700386ff7e77b9b4043b5b49a6c8a673698f0596c337bcd859652e7453	-1	-1	-1	-1	-1.0
ont	10	42	qualmer	oracle	18	0.04399	8ab7dec1e7c8ee53d72afc5efe2689d45fbe723fa97427a4843e9dcca5ca0539	1268	135465	539	132	1.771
ont	10	42	qualmer	constant40	18	0.04399	8ab7dec1e7c8ee53d72afc5efe2689d45fbe723fa97427a4843e9dcca5ca0539	1268	135465	539	132	1.667
ont	10	42	qualmer	constant02	18	0.04399	8ab7dec1e7c8ee53d72afc5efe2689d45fbe723fa97427a4843e9dcca5ca0539	1268	135465	539	132	1.935
ont	10	42	qualmer	antioracle	18	0.04399	8ab7dec1e7c8ee53d72afc5efe2689d45fbe723fa97427a4843e9dcca5ca0539	1268	135465	539	132	2.366
ont	10	42	kmer	fasta_no_quality	18	0.04399	8ab7dec1e7c8ee53d72afc5efe2689d45fbe723fa97427a4843e9dcca5ca0539	1268	135465	539	132	0.644
ont	10	42	qualmer	sensitivity_control_1base	18	0.04399	d5d846e84a05eb8c91f30b7dc425a1cfacccaa5e1e636f9d9fac6444d21007ce	-1	-1	-1	-1	-1.0
ont	10	123	qualmer	oracle	18	0.04571	02d833822b05ba8b15e1483969d277de3081a3a98251141e534434ab4c738232	1378	138791	941	129	2.551
ont	10	123	qualmer	constant40	18	0.04571	02d833822b05ba8b15e1483969d277de3081a3a98251141e534434ab4c738232	1378	138791	941	129	2.465
ont	10	123	qualmer	constant02	18	0.04571	02d833822b05ba8b15e1483969d277de3081a3a98251141e534434ab4c738232	1378	138791	941	129	1.233
ont	10	123	qualmer	antioracle	18	0.04571	02d833822b05ba8b15e1483969d277de3081a3a98251141e534434ab4c738232	1378	138791	941	129	1.886
ont	10	123	kmer	fasta_no_quality	18	0.04571	02d833822b05ba8b15e1483969d277de3081a3a98251141e534434ab4c738232	1378	138791	941	129	1.0
ont	10	123	qualmer	sensitivity_control_1base	18	0.04571	99537320c528defc77174570328c05fc22da2d60f318f583d44784b49c82402f	-1	-1	-1	-1	-1.0
ont	30	42	qualmer	oracle	54	0.0447	b3bec09045cafa93764a0cdc4ab7bd89175a9cbf35125313c344ea2fe8041b17	4069	398278	576	115	5.977
ont	30	42	qualmer	constant40	54	0.0447	b3bec09045cafa93764a0cdc4ab7bd89175a9cbf35125313c344ea2fe8041b17	4069	398278	576	115	6.067
ont	30	42	qualmer	constant02	54	0.0447	b3bec09045cafa93764a0cdc4ab7bd89175a9cbf35125313c344ea2fe8041b17	4069	398278	576	115	7.192
ont	30	42	qualmer	antioracle	54	0.0447	b3bec09045cafa93764a0cdc4ab7bd89175a9cbf35125313c344ea2fe8041b17	4069	398278	576	115	6.82
ont	30	42	kmer	fasta_no_quality	54	0.0447	b3bec09045cafa93764a0cdc4ab7bd89175a9cbf35125313c344ea2fe8041b17	4069	398278	576	115	2.364
ont	30	42	qualmer	sensitivity_control_1base	54	0.0447	3fc69ecff28c9cb296eb23c1c73ffc5c755a213fe735eac28e840c383720404e	-1	-1	-1	-1	-1.0
ont	30	123	qualmer	oracle	54	0.04467	e7f04557a41bc6dab34596a6dfe3412ca8f542e0aeb8175f53f9d7a7c0cbbaf6	4100	400171	592	115	5.403
ont	30	123	qualmer	constant40	54	0.04467	e7f04557a41bc6dab34596a6dfe3412ca8f542e0aeb8175f53f9d7a7c0cbbaf6	4100	400171	592	115	7.071
ont	30	123	qualmer	constant02	54	0.04467	e7f04557a41bc6dab34596a6dfe3412ca8f542e0aeb8175f53f9d7a7c0cbbaf6	4100	400171	592	115	6.445
ont	30	123	qualmer	antioracle	54	0.04467	e7f04557a41bc6dab34596a6dfe3412ca8f542e0aeb8175f53f9d7a7c0cbbaf6	4100	400171	592	115	7.233
ont	30	123	kmer	fasta_no_quality	54	0.04467	e7f04557a41bc6dab34596a6dfe3412ca8f542e0aeb8175f53f9d7a7c0cbbaf6	4100	400171	592	115	4.793
ont	30	123	qualmer	sensitivity_control_1base	54	0.04467	5edd2a33db24ff7892e8580dc2bdc7a69f29ef3d77b4c2b84d52aa0ebd9a058d	-1	-1	-1	-1	-1.0
