k	p_error_free_kmer	coverage	error_free_kmer_coverage	aligned_base_fraction	p_error_free_kmer_all_reads	error_free_kmer_coverage_all_reads
11	0.5304048815555529	10	5.304048815555529	0.9918099593572307	0.5260608440184896	5.260608440184896
11	0.5304048815555529	30	15.912146446666586	0.9918099593572307	0.5260608440184896	15.781825320554688
11	0.5304048815555529	50	26.520244077777644	0.9918099593572307	0.5260608440184896	26.30304220092448
11	0.5304048815555529	100	53.04048815555529	0.9918099593572307	0.5260608440184896	52.60608440184896
15	0.42117713852369965	10	4.211771385236997	0.9918099593572307	0.41772768064138527	4.177276806413853
15	0.42117713852369965	30	12.63531415571099	0.9918099593572307	0.41772768064138527	12.531830419241558
15	0.42117713852369965	50	21.058856926184983	0.9918099593572307	0.41772768064138527	20.886384032069262
15	0.42117713852369965	100	42.11771385236997	0.9918099593572307	0.41772768064138527	41.772768064138525
21	0.2980236336454095	10	2.9802363364540954	0.9918099593572307	0.29558280797334785	2.9558280797334784
21	0.2980236336454095	30	8.940709009362285	0.9918099593572307	0.29558280797334785	8.867484239200435
21	0.2980236336454095	50	14.901181682270476	0.9918099593572307	0.29558280797334785	14.779140398667392
21	0.2980236336454095	100	29.802363364540952	0.9918099593572307	0.29558280797334785	29.558280797334785
31	0.16745337250805592	10	1.6745337250805592	0.9918099593572307	0.16608192258144616	1.6608192258144616
31	0.16745337250805592	30	5.023601175241677	0.9918099593572307	0.16608192258144616	4.982457677443385
31	0.16745337250805592	50	8.372668625402795	0.9918099593572307	0.16608192258144616	8.304096129072308
31	0.16745337250805592	100	16.74533725080559	0.9918099593572307	0.16608192258144616	16.608192258144616
