read_id	mapped	blast_identity	gap_compressed_identity	aligned_columns	mismatches	inserted_bases	deleted_bases
46af040d-55d8-a81a-81ce-b20e281f45ff	true	0.9199006519714374	0.9242046163443544	3094	131	44	83
e434e61b-4285-2b15-aacf-fa18c0ecef5d	true	0.9608919737898526	0.9641381460980744	37767	666	301	543
9bac472b-34ad-c6ca-c17c-145d4b8f323f	true	0.9713611329661683	0.9741202461732681	12475	129	91	144
3b40045e-829b-f62f-8f14-d136e0fb393e	true	0.9453675213675213	0.9505018561803933	14156	330	181	288
7c0f5d00-042e-6cee-6754-dcc2a38486f0	true	0.9631025816769477	0.9733317940429462	8548	117	49	157
490990ef-fe3c-273f-f444-93a4cb5e7ef4	true	0.9090720365372639	0.9189926547743966	13685	548	289	477
d3995ccd-74da-17de-d013-cfd8553c1712	true	0.9303402814893996	0.9369337041356419	10783	339	145	298
5407c02f-fcd0-8ed1-88a8-6a3c77b1f0d9	true	0.9731649565903709	0.97521750593198	3747	48	28	26
13dbb6c0-891f-f78f-7713-e4356834e88d	true	0.9770417764395936	0.9788838612368024	2627	31	11	19
0177b62c-f11c-417a-53bd-5e43d02ced3c	true	0.8878980891719745	0.8935897435897436	740	43	18	27
aaeb5ebc-e91a-2aec-9880-6d22ea4c57e0	true	0.9587185831488475	0.9634234116338415	14994	270	120	244
51364e54-af1e-aae1-8f22-ccdc1657c566	true	0.9354624085163007	0.941728064300067	1453	47	16	34
cfb3e044-7e23-5d2a-067f-feaedfa57890	true	0.9480183230432185	0.9539078156312625	19482	442	188	414
56210eb2-93b7-a9ef-e7ac-ad3b3fabd27e	true	0.946365452589519	0.9491368680641183	6323	165	76	108
28d794ac-5be8-0f29-6702-ac2248633e29	true	0.9478040616943326	0.9528898185621391	21436	481	256	417
e959851c-2d5f-b3ce-a77c-3a7267801622	true	0.9228065771306639	0.9296914516944866	7626	274	107	234
bf7d0614-2680-fdfa-521d-07a21adebdfc	true	0.95416628047085	0.9584749313346679	21004	415	208	366
3dabc5bb-6043-cc57-3d19-4513c3c0a69c	true	0.9191461836998707	0.9502897904592065	4368	105	40	230
a02607fe-7333-7d9d-68b5-800c0a6caf97	true	0.905256183745583	0.918131929667376	17123	727	343	646
756970a5-854b-7efb-980e-72ba4d3b247a	true	0.983304347826087	0.9843804407302392	19923	134	77	125
9d02ca94-e109-d15d-4c89-d1431210c635	true	0.9415807560137457	0.9476284584980237	1969	51	19	49
4e313638-3c68-7078-aae8-b055738ae4d7	true	0.9692541856925418	0.9728969963638586	32236	396	226	388
dbd7c934-e218-deb3-7f85-17edb0e80d71	true	0.9244712990936556	0.9272727272727272	319	13	7	5
50fd0a2c-1d08-f7ed-ff74-70f7285a0c9f	true	0.9077701018445979	0.9158912082779435	26667	1175	477	938
bac072ae-e55d-859d-77a1-64a297a225f7	true	0.9700149925037481	0.9783463376277748	16343	168	86	246
b02a50d9-ca28-0947-a436-525baef4ca8e	true	0.9295774647887324	0.9314516129032258	482	20	4	11
08359550-9ad4-2b1e-99a2-0f73cd6036e0	true	0.8718463302752294	0.8854272819915563	6468	386	168	340
9aa51cd5-e054-20ad-ff08-ee4a6f50fcaf	true	0.9496313319927224	0.9544754571703561	10113	196	131	199
5bcbc8eb-c29b-1651-32b2-225bf608b1d2	true	0.9343271361140545	0.9422465088038858	39901	1104	551	1072
ae3a9c1b-2bd8-8993-1859-4d30e433d830	true	0.963900474615274	0.9684971098265895	6793	91	51	109
49b326e7-0256-c643-2d43-318d6e31ee9b	true	0.939625850340136	0.9586466165413534	3383	68	32	113
c53f1587-ab58-c5dd-71c1-8c7234d68043	true	0.9627185747278126	0.9662251655629139	2966	48	25	40
4b98d07c-676d-0187-c68e-e0940fb1ff99	true	0.9461782597196509	0.9513362584762665	7326	171	89	147
9000e814-cf5d-e46f-b5ca-f75eb74f741e	true	0.9701643489254109	0.9723770907247846	3882	45	32	41
85d26fa9-0518-034b-865d-0c28ac1af621	true	0.9459558823529411	0.950849963045085	2636	63	33	51
86775a9e-c216-7b8b-c4c1-b8d7b239d7e5	true	0.950354609929078	0.9548693586698337	2049	39	24	42
8b6e5a73-4a74-0eec-fa4f-e20d0b52a7b5	false	NaN	NaN	0	0	0	0
a781e58d-d7dc-bb4e-6c02-4d7cf2e91d24	true	0.920582016270652	0.9289046396412686	26648	961	462	793
5e33cf2a-60b2-676e-b4b8-559ff4cfd81d	true	0.9770554493307839	0.980806142034549	516	5	0	7
ce6e9592-f784-8114-9a5c-27ba95c6f286	true	0.944758064516129	0.951278928136419	4803	117	61	96
9b22a55b-ed8a-7071-15a6-bddd9a616407	true	0.9360019767729182	0.9418199900546992	3890	102	50	107
cdf9c9c3-8533-2b02-6ce4-9c57bb7fb21d	true	0.9606741573033708	0.9654199011997178	2782	46	21	45
7c6fea1e-55bf-9c71-8923-73badc33bac0	true	0.9570413996189157	0.9602850438863301	11253	203	106	187
e1f8f9a1-ad47-4c2e-32a2-6abee3ae376c	true	0.9484325728065294	0.9505484290760364	5256	143	62	73
10e52db4-7b92-1426-1c6c-ef7bd7dbf5ee	true	0.9625850340136054	0.967928231006448	17548	285	125	261
21fc878f-cd1b-2946-6201-22dad94f9fa7	true	0.9212849273246168	0.9291164658634539	14399	518	278	390
ea3f5139-5727-61aa-a20f-576c67e39fdb	true	0.9660560344827587	0.9674460431654677	5465	86	46	57
d102f4c7-8c17-0097-21b7-042cb889fedb	true	0.9247883319943143	0.9330922242314648	15474	510	222	485
bdbeb369-28ac-3076-656d-0783039096e0	true	0.964017521902378	0.9713114754098361	3116	35	36	44
13f22bbd-2648-91ef-4d88-84d7338bd94e	true	0.9664302600472813	0.9675739644970415	4158	70	27	45
fff81baf-ca5b-2b91-46bc-c61e5c9eb16d	true	0.9823369565217391	0.9823369565217391	727	4	1	8
ecbc3ea3-1727-5d4a-6355-82c402725f67	true	0.9342987396084741	0.9388305039073026	3592	108	56	81
3ac05838-23e9-dd36-085b-f42b3436d062	true	0.9752211725895936	0.9800339046901488	26282	267	167	227
c8c3beb8-6d24-394c-607e-cda00a51b3c1	true	0.9496294580824456	0.9605293979854767	8350	149	113	173
16df0692-95ce-e49b-60b1-146be274f7b7	true	0.9663039663039663	0.9685988213563198	11171	159	88	137
b4856aba-ac77-33c5-01da-b3f159c30cf3	true	0.9435545385202135	0.946442234123948	1271	34	11	29
027ba98c-4858-9c16-94de-2a9d9014b99b	true	0.9704532415375788	0.9750216159093092	10265	116	55	138
ff1698aa-e2e0-6db0-8745-d4c40ec6c7fd	true	0.912153407618554	0.9193000783494385	3679	159	80	100
94ae6dab-b83b-bf2a-eb8c-1de7534c1f2f	true	0.96243321460374	0.9697734410049349	17529	236	209	230
e1457a9e-6c23-6beb-a93d-dc156ea3a788	true	0.9106317411402157	0.9186779023153072	46863	1947	823	1638
d23c6eca-60c9-e548-002c-049c7489f9ef	true	0.9629024144869215	0.971947194719472	7761	104	49	142
ddd0eb88-7775-d197-c758-e04a95be887e	true	0.898103112840467	0.9116267588249815	3858	165	76	178
84159b47-9cfb-8ed9-242b-cd4fd8f2a94b	true	0.9396169733383403	0.9445828614571536	12875	364	166	274
4a5400fa-7692-814c-e55b-8d190bc77be1	true	0.9763657497094149	0.9788308409399884	10183	103	51	90
b3412f3d-5684-6c43-d774-fc66ac8bd2ed	true	0.9424196678887211	0.9603340292275574	8896	156	75	303
6a198f7a-c6a1-cf82-5804-6b6616fcbc40	true	0.9062049062049062	0.9148457157992319	7203	295	150	270
6a408f1e-d55a-dc24-7282-8bfdab19a51d	true	0.8873653281096964	0.8976645435244162	6696	354	161	290
86c044b5-d024-2eda-347e-d9b080b90ff7	true	0.9494818652849741	0.9532851271913854	18754	429	186	360
2d8d01f2-c5aa-706f-7bdc-19eedf1ad864	true	0.9452415812591508	0.9501103752759382	6625	169	74	131
ad280e25-c1c5-8138-f59c-ebe0717eddd4	true	0.9451022604951561	0.9488874761602034	15298	372	173	322
c7f396cf-0f85-b494-c181-af98551adc24	true	0.9694286060900158	0.9745121951219512	8093	102	52	98
8ae1a512-3c37-80d0-3f1c-9f2365bf83b3	true	0.975736568457539	0.9805159464460651	9083	75	63	86
6739e11f-7044-fa3e-e847-7d2e170aee6d	true	0.9404835709857409	0.9546884833228445	4661	110	99	79
6fdebc1c-1274-765f-58e6-c0e8ebd263a3	true	0.9047098569157392	0.9122332431620078	9534	429	181	349
1d47e721-b7ee-c1ef-b75b-28dc7c19c311	true	0.962208067940552	0.9634353741496599	2310	44	19	26
9d4a3c35-d022-724d-f260-392f8bb16f50	true	0.9526724137931034	0.9549775319737297	11295	244	126	179
e47f8492-c134-1141-6898-c308c62b3494	true	0.9492804906817646	0.9537805167101209	4124	100	36	79
881d64d3-6742-4622-78df-e0d3878aff18	true	0.981868704411254	0.9832347826086957	14239	105	56	100
770aa173-5f51-3eeb-262f-4b0eccf78ac1	true	0.9671065032987748	0.9696654696654696	10419	158	74	117
b350e262-da6a-0a3a-30c8-804827d74853	true	0.9196037031021601	0.9273605765293588	11739	415	191	384
5f6f827f-8242-3098-0752-55b601c39eaa	true	0.941007553530183	0.9461461210143108	15461	387	210	348
907018c3-07a0-db02-3e2b-be9bf31a012c	true	0.9494584837545126	0.9563636363636364	268	5	3	6
7a4ebb11-b446-e933-0dee-5d1865867435	true	0.9467544874050983	0.9508180165623107	19290	460	225	374
ed07fe8d-847d-7883-4223-f19a5e8bd944	true	0.9516361886429259	0.9555448175887895	4033	78	45	78
49c7432d-ef8f-6c5d-1cc1-edb185a536ec	true	0.9505916005720972	0.9549373040752351	7487	176	71	133
0e24853f-948c-faf5-17ec-c591598c467b	true	0.9541697971450037	0.9577677224736049	1297	27	11	23
fc54f521-6aee-3c9e-03b6-af627a8b7f1a	true	0.9336322869955157	0.9412296564195298	1070	29	19	26
5cd3993c-c94f-3db2-9303-e62ce64e0cc7	true	0.9447761194029851	0.9518796992481203	1947	48	20	43
dbd13eb2-a990-5254-194b-7e9790b6f8af	true	0.9334886882221575	0.9386838508103886	9905	291	149	245
78206c65-a087-c1e0-aa14-6c007e8c9afb	true	0.9433348815606131	0.9470739100023315	4168	106	66	72
c871becb-bf7a-db7c-2b65-4c03815017d3	true	0.9210412616115792	0.9270493585562078	8856	329	158	244
8317d4d7-503a-fc53-a1a9-3f8349ba0413	true	0.9451553930530164	0.95047042283984	8992	203	113	194
9144150b-96d0-5352-c715-d1d4ded9a8ca	true	0.9479211315902272	0.9783233797832338	4465	42	164	37
9948438e-c4a6-d0d9-2a82-f350897addfd	true	0.9721487558698116	0.9735149451381007	18227	216	130	170
e40a0e05-7785-12c9-4790-13c36501e9d8	true	0.9076543209876543	0.9163654493331671	7682	330	128	290
cace80a9-d151-ddba-c5bd-b7d568656633	true	0.9453365220362145	0.9502876277152915	11316	248	133	259
947b9fe9-6cbe-c138-b76a-9e205222b6db	true	0.9058644583403752	0.9149880505291909	5588	228	111	218
8f40774f-a7e9-f3f9-6569-9cf58c5b18ec	true	0.9633840052875082	0.9666637191617296	22228	364	162	305
90e4a978-67fc-008d-ebb2-dc73ca3c380e	true	0.9670975323149236	0.9722386296515062	8338	108	75	97
81e204ad-00df-6c64-c898-306ae9f4983e	true	0.9653266331658291	0.967514479979854	3911	69	26	43
7db95731-91de-e530-0622-bcc65d6b625c	true	0.9299135102892931	0.9374624173180999	3230	112	40	83
54212bc7-c595-a6fe-d953-94c786b06566	true	0.8790437296379572	0.8919774642640965	20296	1139	506	991
d1193b68-e57c-da00-19ad-d96245105acc	true	0.9621425028930402	0.9651741293532339	5913	93	54	82
fefea778-80ce-77a3-fadc-9df5b4b319df	true	0.9768718149745198	0.9785832955746866	32709	313	170	284
3775a054-4ca4-c9a2-33ad-134d6101ee30	true	0.9342410808528605	0.9393971555932923	9124	273	112	238
a6205999-73a8-ef32-5dc3-860a90946270	true	0.9754808060685005	0.9783293629447476	12862	131	75	114
47c121d2-dc78-4600-8866-f9ea2728df1c	true	0.9353945546838948	0.9394407539008188	6277	196	88	136
42f5cff2-e739-1881-0907-ec34caff498f	true	0.9540499906032701	0.9590063285161047	10351	198	122	169
8067f79e-82fd-bc06-23fd-913de519c27b	true	0.9586760077165194	0.9623401110941242	19225	341	185	288
c4399f80-443a-c8b3-541e-399de75ea263	true	0.9754430920350203	0.9806784027479605	9216	80	79	71
6e522d53-5c1c-b494-eda6-775c735a788e	true	0.9155803848541278	0.9259259259259259	1529	54	33	49
4aa190aa-4cf7-1de9-873b-82c2ee783b17	true	0.9551166965888689	0.9585585585585585	19539	387	188	325
d1116689-a66e-30c8-43cf-c6a72143356f	true	0.8947596988998263	0.9047131147540983	6504	323	173	231
6a5a809d-eab1-fc9f-0e3e-264dff166091	true	0.9448363594310165	0.9498895477270085	8366	196	103	178
7aadcd7d-b444-03d0-eca2-95a40207548e	true	0.9811488003782058	0.9861020371800202	16700	97	121	101
90980c01-c296-7309-f614-0245e751aca6	false	NaN	NaN	0	0	0	0
6f3df781-ce98-c6ea-356c-21ef71de0f30	true	0.9719540229885058	0.9787792267921908	12805	121	64	181
98bc6bab-c9c9-4492-8cad-80ff35bcce89	true	0.9456384323640961	0.9506643558636626	8440	212	97	164
1cc86a0e-c3db-dc30-1369-cc11d45ae3f5	true	0.9791390390696726	0.9857252888318356	19322	125	88	196
832cb166-2786-379b-b3c8-c8b443ba4832	true	0.9232909631316005	0.9294035266407792	15092	492	259	462
4295c724-b944-345e-a07e-f72b9f5a8695	true	0.9377162629757786	0.9442508710801394	276	5	7	6
3f304021-b90b-4b9f-2db0-d7bb6cd8e079	true	0.910898810684344	0.9188710787688071	9757	413	154	347
97b933be-61aa-0bce-0040-99d109ae802d	true	0.9433235996814441	0.9474736701773097	7287	180	93	154
7d71b440-53a8-f831-e057-172255b0e0c2	true	0.8576051779935275	0.8731466227347611	1141	81	35	60
70c705ca-0e07-8561-4792-45399039e311	true	0.9280903681003456	0.9347521803108064	26871	826	401	791
dff4ea8f-c4fe-a6c5-23ed-eef99fd3a5f8	true	0.9307942311598618	0.9379196004584902	47264	1441	729	1237
d42f7922-02a7-4ae8-bceb-32f0d203a925	true	0.9501603750308414	0.9532178217821782	3957	106	34	62
b163c73e-c1db-31c7-13f3-25c0c5c3c90d	true	0.9699018669219722	0.97632815323455	16398	189	160	154
7a586f3d-bb9c-fde1-e50d-efb45f9f95f8	true	0.9542824074074074	0.9587209302325581	1683	34	13	32
fa9326b8-7d4e-2ad7-3439-193ca00e26b7	true	0.9477817580600717	0.9527041063638252	14079	321	165	272
7e59a403-d915-c517-bf15-725f31d616e2	true	0.9500198859870078	0.9544485881726159	7316	150	73	154
2da1ecdf-528e-dc2b-b0d7-c3c7a17c1669	true	0.9389590508993494	0.9440169295883032	5044	137	58	124
a802dede-39e9-3692-5a80-2ba429436de7	true	0.9274157636930385	0.9339312406576981	6464	216	92	181
22523842-63d3-efbc-3e1e-c1b7bcddb818	true	0.9573248407643312	0.96192	12227	203	118	215
5ea4f2a3-6e53-164a-172a-097685aa8336	true	0.8914285714285715	0.9065606361829026	6252	324	131	267
3a8d94af-74e5-6fa3-93d2-f0f9d5de969b	true	0.928336620644313	0.9388297872340425	1453	41	15	53
0b6ef43d-ce1d-3577-2ac8-5a54f419b363	false	NaN	NaN	0	0	0	0
0dcdd2ae-a345-debe-f5ef-d4c40cc8c1f3	true	0.9588752196836555	0.9612403100775194	2778	50	27	40
eb9d852d-669f-b75b-43c9-ce325c091c3f	true	0.9471272470919986	0.9513188174898212	16501	379	195	326
