samplenames	location	geo	geo2	duration	date.month	date.start	date.end	season	particle	temperature	humid	weekend	aownership	latitude	longitude
chaoexpo41_I6	Hiking_weekend	uswest	Westcoast	3.036921296	8	2014-08-22	2014-08-25	summer	13.03792065	26.95228594	39.28639049	weekend	P1	37.40988969	-122.1593497
chaoexpo45_I6	Campus	uswest	Westcoast	3.006365741	8	2014-08-26	2014-08-29	summer	6.869258903	23.68170198	47.59405967	weekday	P1	37.40988969	-122.1593497
chaoexpo37_I6	Hiking_weekend	uswest	Westcoast	2.333449074	8	2014-08-29	2014-09-01	summer	9.308863648	25.61566766	42.414037	weekend	P1	37.40988969	-122.1593497
chaoexpo37_I12	Campus	uswest	Westcoast	4.377777778	9	2014-09-01	2014-09-05	fall	10.97765969	24.8851969	44.93461294	weekday	P1	37.40988969	-122.1593497
chaoexpo25_I6	Hiking_weekend	uswest	Westcoast	2.734027778	9	2014-09-05	2014-09-08	fall	32.08957751	25.80524476	46.36067225	weekend	P1	37.40988969	-122.1593497
Expo0308A_I6	Campus	uswest	Westcoast	2.626967593	9	2014-09-08	2014-09-12	fall	11.96316694	24.20366221	44.42831652	weekday	P1	37.40988969	-122.1593497
expo623P1-1_I6	Mike_background	uswest	Westcoast	12.10104167	9	2014-09-05	2014-09-19	fall	7.526909797	22.79953073	44.80868842	weekday	P1	37.4323403	-122.17595
expo624P2-1_I6	Campus	uswest	Westcoast	3.962152778	9	2014-09-12	2014-09-16	fall	8.105629071	25.46487809	42.86120118	weekend	P1	37.40988969	-122.1593497
chaoexpo45_I12	Monterey-CA	uswest	Westcoast	2.779282407	9	2014-09-16	2014-09-19	fall	52.91317203	25.98452088	46.06153334	weekday	P1	36.6111478	-121.8589246
chaoexpo33_I6	Switzerland	europe	Europe	3.370023148	9	2014-09-21	2014-09-24	fall	13.91139197	23.82324052	41.93822509	weekday	P1	47.56139568	7.591244367
chaoexpo45_I15	Germany	europe	Europe	1.591550926	9	2014-09-24	2014-09-26	fall	8.345720311	24.4144442	37.59653116	weekday	P1	48.53129375	9.036554637
chaoexpo23_I6	Hiking_weekend	uswest	Westcoast	2.114467593	9	2014-09-27	2014-09-29	fall	9.382341672	25.96187145	44.62642181	weekday	P1	37.4346639	-122.438491
chaoexpo41_I12	Mike_background	uswest	Westcoast	5.592361111	9	2014-09-27	2014-10-03	fall	7.408067387	24.51098384	42.23007782	weekday	P1	37.40988969	-122.1593497
expo624P1-1_I6	Palm_desert-CA	uswest	Westcoast	0.893402778	9	2014-09-29	2014-10-01	fall	7.201450965	25.03399225	34.45017489	weekday	P1	33.74226913	-116.4074047
chaoexpo29_I6	Spain	europe	Europe	3.007291667	10	2014-10-03	2014-10-08	fall	8.13866759	24.48697257	39.21206173	weekday	P1	40.47047872	-3.617282669
Expo0303A_I6	Palm_beach-CA	uswest	Westcoast	2.068634259	10	2014-10-08	2014-10-11	fall	3.396240139	24.12369874	45.64542606	weekday	P1	26.70728299	-80.06406924
Expo0323A_I6	Campus	uswest	Westcoast	2.861342593	10	2014-10-13	2014-10-16	fall	9.747067389	24.86712246	40.8979856	weekday	P1	37.40988969	-122.1593497
expo021116A_2	San_Diego-CA	uswest	Westcoast	3.575462963	10	2014-10-18	2014-10-22	fall	8.028259744	24.06354507	49.92310631	weekday	P1	32.71074457	-117.169711
chaoexpo35_I6	France	europe	Europe	1.854513889	10	2014-10-22	2014-10-24	fall	7.06790239	25.09619119	32.20782625	weekday	P1	45.89283637	6.168461568
expo623P2-1_I6	Boston-MA	useast	Northeast	1.85787037	10	2014-10-27	2014-10-29	fall	8.077934214	22.36315789	36.25588089	weekday	P1	42.36689094	-71.07552998
chaoexpo37_I15	Campus	uswest	Westcoast	3.010185185	11	2014-10-31	2014-11-03	fall	5.764803138	27.66560847	41.96598354	weekend	P1	37.40988969	-122.1593497
chaoexpo38_I5	Bethesda-MD	useast	Northeast	2.721296296	11	2014-11-04	2014-11-06	fall	188.1930504	23.47935085	20.81976863	weekday	P1	38.99791635	-77.09885595
chaoexpo33_I12	Chapell-NC	useast	Southeast	2.402083333	11	2014-11-05	2014-11-08	fall	4.347499277	28.23157133	41.74661752	weekday	P1	35.77493599	-78.63978259
chaoexpo29_I12	Campus	uswest	Westcoast	4.422685185	11	2014-11-08	2014-11-13	fall	8.075447503	23.42160025	43.35214592	weekday	P1	37.40988969	-122.1593497
Expo0323A_I12	Campus	uswest	Westcoast	4.443981481	11	2014-11-15	2014-11-19	fall	9.62279925	22.07821582	38.28288363	weekday	P1	37.40988969	-122.1593497
Expo0308A_I12	NYC	useast	Northeast	2.385185185	11	2014-11-14	2014-11-21	fall	8.158093944	24.48352446	19.30821526	weekday	P1	40.7848192	-73.9557547
expo624P1-1_I12	P2_work_home	uswest	Westcoast	6.964583333	11	2014-11-17	2014-11-24	fall	8.339664972	24.27821297	48.3011716	weekday	P2	37.4594516	-122.1636314
chaoexpo27_I6	Campus	uswest	Westcoast	4.656018519	11	2014-11-21	2014-11-26	fall	10.44026549	26.70493456	40.90161082	weekday	P1	37.40988969	-122.1593497
chaoexpo23_I12	No2_work_home	uswest	Westcoast	6.695486111	11	2014-11-24	2014-12-01	fall	24.08788397	22.94997889	51.06773151	weekday	Others	37.804	-121.939
chaoexpo35_I12	P2_work_home	uswest	Westcoast	6.770717593	11	2014-11-24	2014-12-01	fall	12.1201559	20.44978778	51.58482196	weekday	P2	37.4594516	-122.1636314
chaoexpo25_I12	Campus-thanksgiving	uswest	Westcoast	4.579050926	11	2014-11-26	2014-12-01	fall	10.00738063	21.59513316	48.98435154	weekday	P1	37.40988969	-122.1593497
expo623P2-1_I12	DC	useast	Northeast	1.981944444	12	2014-12-02	2014-12-04	winter	5.925134314	23.66121593	27.62154286	weekday	P1	38.99791635	-77.09885595
expo021116A_3	P2_work_home	uswest	Westcoast	6.912731481	12	2014-12-01	2014-12-08	winter	7.767622141	21.86115702	53.85739879	weekday	P2	37.4594516	-122.1636314
chaoexpo21_I6	Campus	uswest	Westcoast	2.874305556	12	2014-12-05	2014-12-08	winter	6.583353467	27.59460241	54.39613031	weekend	P1	37.40988969	-122.1593497
Expo0303A_I12	Campus	uswest	Westcoast	3.917361111	12	2014-12-08	2014-12-12	winter	4.702387284	22.64658102	51.3093305	weekday	P1	37.40988969	-122.1593497
expo624P2-1_I15	P2_work_home	uswest	Westcoast	9.627083333	12	2014-12-08	2014-12-18	winter	7.318906442	21.18437466	52.56985862	weekday	P2	37.4594516	-122.1636314
Expo0317A_I6	Campus-christmas	uswest	Westcoast	6.696180556	12	2014-12-12	2014-12-19	winter	15.4406015	26.68790072	46.26140005	weekday	P1	37.40988969	-122.1593497
Expo0303A_I15	Campus	uswest	Westcoast	3.231828704	12	2014-12-19	2014-12-22	winter	7.514808581	22.488021	52.04760592	weekend	P1	37.40988969	-122.1593497
expo623P1-1_I12	Philadephia-PA	useast	Northeast	7.976157407	12	2014-12-18	2014-12-27	winter	20.62577996	22.41470307	35.12528369	weekday	P2	40.6760925	-75.2942097
chaoexpo25_I15	Philadephia-PA	useast	Northeast	3.852546296	12	2014-12-25	2014-12-29	winter	138.3561858	23.76941422	28.77037794	weekend	P1	40.24783815	-75.58747128
chaoexpo31_I6	Yale-Connecticut	useast	Northeast	5.920486111	12	2014-12-23	2015-01-02	winter	12.7338377	23.43471727	29.09825817	weekday	P1	41.75736384	-72.75577191
Expo0308A_I15	Valley_Forge-PA	useast	Northeast	8.698032407	12	2014-12-27	2015-01-05	winter	29.77418797	22.07110899	34.1869862	weekday	P2	40.1005156	-75.4616527
expo021116A_4	Campus	uswest	Westcoast	6.191087963	1	2015-01-02	2015-01-08	winter	11.5768447	21.61140345	37.57605579	weekday	P1	37.40988969	-122.1593497
expo624P1-1_I15	Dallas-TX	uswest	Southwest	10.59016204	1	2015-01-05	2015-01-16	winter	18.69821528	21.13280479	40.6203423	weekday	P2	32.7556215	-97.3324061
chaoexpo38_I6	Campus	uswest	Westcoast	4.424652778	1	2015-01-10	2015-01-16	winter	11.59052029	26.83619208	39.33993565	weekday	P1	37.40988969	-122.1593497
chaoexpo38_I12	Galveston-TX	uswest	Southwest	0.603587963	1	2015-01-13	2015-01-13	winter	5.506615532	24.75194954	30.19407478	weekday	P1	29.26963621	-94.82190697
chaoexpo29_I15	Campus	uswest	Westcoast	5.129513889	1	2015-01-16	2015-01-22	winter	12.62848891	23.27915626	43.06367698	weekday	P1	37.40988969	-122.1593497
chaoexpo33_I15	P2_work_home	uswest	Westcoast	9.377083333	1	2015-01-16	2015-01-26	winter	28.55932015	22.37664708	44.41871313	weekday	P2	37.4594516	-122.1636314
chaoexpo41_I15	San_Diego-CA	uswest	Westcoast	1.864236111	1	2015-01-23	2015-01-24	winter	7.538771963	23.37457281	27.91462718	weekday	P1	32.90161091	-117.2441403
expo624P2-1_I12	Campus	uswest	Westcoast	5.752893519	1	2015-01-23	2015-01-29	winter	10.59014184	26.44872626	38.82109245	weekday	P1	37.40988969	-122.1593497
chaoexpo35_I15	SF-CA	uswest	Westcoast	1.545949074	1	2015-01-30	2015-02-01	winter	11.51366325	25.9387682	36.14836415	weekday	P1	37.83655946	-122.4802193
expo623P2-1_I15	P2_work_home	uswest	Westcoast	9.796643519	2	2015-01-26	2015-02-06	winter	8.77272781	20.987333	44.13452973	weekday	P2	37.4594516	-122.1636314
Expo0324A_I6	Campus	uswest	Westcoast	3.664699074	2	2015-02-02	2015-02-06	winter	9.086978492	28.44556171	40.18288223	weekday	P1	37.40988969	-122.1593497
chaoexpo23_I15	Campus	uswest	Westcoast	3.92662037	2	2015-02-06	2015-02-10	winter	19.788245	22.57727621	51.02360726	weekend	P1	37.40988969	-122.1593497
chaoexpo42_I5	P2_work_home	uswest	Westcoast	6.052662037	2	2015-02-06	2015-02-12	winter	16.71219046	23.87863395	47.8912114	weekday	P2	37.4594516	-122.1636314
Expo0323A_I15	Singapore	oceania	Oceania	1.938888889	2	2015-02-12	2015-02-14	winter	7.850823782	29.3025	49.37554322	weekday	P1	1.293388301	103.8595425
chaoexpo27_I12	Lake_Tahoe-CA	uswest	Westcoast	4.179976852	2	2015-02-12	2015-02-19	winter	8.248954728	20.00351022	44.81790946	weekday	P2	39.1825082	-120.132096
expo624P1-2_I5	Australia	oceania	Oceania	6.051851852	2	2015-02-14	2015-02-20	winter	9.785266218	27.61980453	43.91900436	weekday	P1	-38.53700901	143.9762657
Chao-expo20_I5	Campus	uswest	Westcoast	3.527662037	2	2015-02-20	2015-02-24	winter	8.940680469	22.9393015	36.8254011	weekend	P1	37.40988969	-122.1593497
Expo0303B_I5	P2_work_home	uswest	Westcoast	10.23287037	2	2015-02-19	2015-03-02	winter	21.01282631	23.50115134	39.34694272	weekday	P2	37.4594516	-122.1636314
chaoexpo27_I15	Campus	uswest	Westcoast	3.307523148	2	2015-02-24	2015-02-27	winter	5.702173076	27.52588987	34.32025755	weekday	P1	37.40988969	-122.1593497
chaoexpo38_I15	Belgium	europe	Europe	2.040162037	3	2015-02-28	2015-03-02	spring	8.743007886	19.3	27.30051058	weekday	P1	51.1439564	3.245363404
chaoexpo36_I5	Campus	uswest	Westcoast	5.161111111	3	2015-03-04	2015-03-09	spring	13.84571224	23.83955454	35.97316335	weekday	P1	37.40988969	-122.1593497
chaoexpo34_I5	Tucson-AZ	uswest	Southwest	12.84664352	3	2015-03-02	2015-03-16	spring	9.582206406	22.64467443	35.96990315	weekday	P2	32.2156971	-111.048771
expo021116B_5	DC	useast	Northeast	1.863194444	3	2015-03-10	2015-03-12	spring	9.116908933	24.25086415	29.66160393	weekday	P1	38.99791635	-77.09885595
chaoexpo30_I5	Malaysia	oceania	Oceania	4.368981481	3	2015-03-12	2015-03-17	spring	14.43064533	30.38847803	39.78583766	weekend	P1	3.153275795	101.7150945
chaoexpo39_I5	P2_work_home	uswest	Westcoast	6.659259259	3	2015-03-16	2015-03-23	spring	27.65817923	23.89388352	40.89288793	weekday	P2	37.4594516	-122.1636314
chaoexpo21_I12	Campus	uswest	Westcoast	5.355902778	3	2015-03-17	2015-03-23	spring	124.0618909	20.47028512	35.59523933	weekday	P1	37.40988969	-122.1593497
Expo0324A_I12	Sweden	europe	Europe	1.167013889	3	2015-03-23	2015-03-25	spring	4.054249727	25.42130564	21.73127046	weekday	P1	59.85625072	17.6406181
chaoexpo26_I5	P2_work_home	uswest	Westcoast	6.094444444	3	2015-03-23	2015-03-30	spring	8.933644789	22.58588309	41.67453282	weekday	P2	37.4594516	-122.1636314
expo623P2-2_I5	UK	europe	Europe	3.506712963	3	2015-03-25	2015-03-28	spring	10.38226946	29.77232425	23.8343125	weekday	P1	52.08168161	0.184862265
Expo0317A_I12	Campus	uswest	Westcoast	4.999189815	3	2015-03-29	2015-04-03	spring	7.288102239	26.2169317	33.15861366	weekday	P1	37.40988969	-122.1593497
Expo0308B_I5	Reno-NV	uswest	Westcoast	9.492361111	4	2015-03-30	2015-04-09	spring	11.03716439	23.49572877	33.48974565	weekday	P2	39.4757191	-119.7786747
chaoexpo24_I5	Mike_background	uswest	Westcoast	10.9087963	4	2015-03-30	2015-04-10	spring	1.795696643	21.85066497	29.46767496	weekday	P1	37.4323403	-122.17595
chaoexpo42_I6	Campus	uswest	Westcoast	6.546990741	4	2015-04-03	2015-04-10	spring	7.360463883	26.90957821	33.12079341	weekday	P1	37.40988969	-122.1593497
chaoexpo42_I12	Campus	uswest	Westcoast	4.966319444	4	2015-04-10	2015-04-15	spring	8.533268079	24.57334119	33.90175022	weekday	P1	37.40988969	-122.1593497
chaoexpo46_I5	TOOMANY	useast	Northeast	6.677430556	4	2015-04-09	2015-04-20	spring	9.599084811	23.80072584	29.89107517	weekday	P2	NA	NA
chaoexpo42_I15	Austin-TX	uswest	Southwest	1.570486111	4	2015-04-15	2015-04-17	spring	11.03449038	29.00341711	42.43325964	weekday	P1	30.28826892	-97.73700925
chaoexpo46_I6	Campus	uswest	Westcoast	5.619675926	4	2015-04-14	2015-04-20	spring	15.75588005	26.4131493	37.68188615	weekday	Others	37.40988969	-122.1593497
chaoexpo39_I6	Mike_background	uswest	Westcoast	16.903125	4	2015-04-10	2015-04-27	spring	8.670412139	25.49602597	33.63866601	weekday	P1	37.4323403	-122.17595
chaoexpo39_I12	Campus	uswest	Westcoast	4.028819444	4	2015-04-17	2015-04-21	spring	16.61058922	23.78319274	39.20489529	weekend	P1	37.40988969	-122.1593497
chaoexpo43_I5	Philadephia-PA	useast	Northeast	1.939236111	4	2015-04-21	2015-04-23	spring	0.265711728	29.40346367	23.98380782	weekday	P1	39.91220532	-75.18420641
Chao-expo20_I6	Mike_background	uswest	Westcoast	17.82152778	4	2015-04-17	2015-05-05	spring	7.480529686	24.62546143	34.20464807	weekday	Others	37.4323403	-122.17595
chaoexpo36_I6	Campus	uswest	Westcoast	3.915509259	4	2015-04-24	2015-04-28	spring	9.250517292	24.97782982	33.82167307	weekend	P1	37.40988969	-122.1593497
expo623P1-1_I15	Reno-NV	uswest	Westcoast	11.86689815	4	2015-04-20	2015-05-04	spring	12.35481323	23.67365128	36.5353282	weekday	P2	39.4757191	-119.7786747
chaoexpo30_I6	Campus	uswest	Westcoast	4.52974537	4	2015-04-28	2015-05-03	spring	12.16580218	28.2002981	37.46175742	weekday	P1	37.40988969	-122.1593497
chaoexpo34_I6	Cleveland-OH	useast	Northeast	1.834953704	5	2015-05-03	2015-05-05	spring	7.108300744	24.51030189	33.66470291	weekday	P1	41.51086527	-81.60794985
expo624P1-2_I6	CSH-NY	useast	Northeast	1.735185185	5	2015-05-05	2015-05-07	spring	10.35545624	28.37579808	29.14411019	weekday	P1	40.85864131	-73.4679735
Expo0323B_I5	Germany	europe	Europe	3.318981481	5	2015-05-07	2015-05-10	spring	6.600606779	24.77357605	32.42563468	weekday	P1	49.37030239	8.705762353
Expo0317A_I15	Reno-NV	uswest	Westcoast	8.026273148	5	2015-05-04	2015-05-18	spring	7.616061257	23.77934084	43.03204176	weekday	P2	39.4757191	-119.7786747
Expo0324A_I15	Mike_background	uswest	Westcoast	12.92013889	5	2015-05-05	2015-05-18	spring	5.104049091	25.38949188	30.31786079	weekday	Others	37.4323403	-122.17595
chaoexpo26_I6	San_Diego-CA	uswest	Westcoast	0.610185185	5	2015-05-11	2015-05-12	spring	12.69783763	23.54259784	40.41619879	weekday	P1	32.887094	-117.24494
chaoexpo24_I6	Campus	uswest	Westcoast	4.906018519	5	2015-05-11	2015-05-17	spring	6.773426441	27.0280493	38.9607035	weekday	P1	37.40988969	-122.1593497
expo623P2-2_I6	TOOMANY	useast	Northeast	1.370023148	5	2015-05-17	2015-05-19	spring	3.442679733	25.14412434	28.06780434	weekday	P1	NA	NA
Expo0308B_I6	Campus	uswest	Westcoast	6.408912037	5	2015-05-19	2015-05-26	spring	5.217380312	24.30008291	39.08884655	weekday	P1	37.40988969	-122.1593497
chaoexpo53_I12	Mike_background	uswest	Westcoast	13.91967593	5	2015-05-18	2015-06-01	spring	5.946842832	26.97375687	32.10301748	weekday	Others	37.4323403	-122.17595
Expo0303B_I6	P2_work_home	uswest	Westcoast	11.95821759	5	2015-05-18	2015-06-02	spring	17.62796775	24.82093528	41.85671271	weekday	P2	37.4594516	-122.1636314
chaoexpo53_I6	Houston-TX	uswest	Southwest	1.350578704	5	2015-05-26	2015-05-27	spring	10.18853372	29.31056139	41.01059217	weekday	P1	29.54834436	-95.09155932
chaoexpo21_I15	Campus	uswest	Westcoast	3.168518519	5	2015-05-28	2015-05-31	spring	8.693636762	24.55504427	40.97863822	weekday	P1	37.40988969	-122.1593497
chaoexpo49_I6	New_Orleans-LA	uswest	Southwest	1.889351852	6	2015-05-31	2015-06-02	summer	7.185555011	28.1392412	48.08232051	weekday	P1	29.94850673	-90.0668881
chaoexpo43_I6	Campus	uswest	Westcoast	12.93414352	6	2015-05-28	2015-06-10	summer	6.822605614	24.53761043	43.16692647	weekday	P8	37.40988969	-122.1593497
chaoexpo53_I15	Campus	uswest	Westcoast	12.82291667	6	2015-05-28	2015-06-10	summer	9.366395884	24.71409516	45.43079881	weekday	Others	37.40988969	-122.1593497
chaoexpo46_I12	Campus	uswest	Westcoast	4.906597222	6	2015-06-04	2015-06-09	summer	10.45884934	27.7939642	40.54437525	weekend	P1	37.40988969	-122.1593497
expo021116B_6	P2_work_home	uswest	Westcoast	8.432175926	6	2015-06-02	2015-06-12	summer	10.49726851	24.78397733	43.78937738	weekday	P2	37.4594516	-122.1636314
chaoexpo49_I12	Michigan	useast	Northeast	3.329050926	6	2015-06-11	2015-06-14	summer	8.283176303	24.03274051	46.99480235	weekday	P1	43.68614401	-86.385782
chaoexpo54_I5	Campus	uswest	Westcoast	4.81412037	6	2015-06-14	2015-06-19	summer	15.22755686	24.23183251	41.5045271	weekday	P1	37.40988969	-122.1593497
chaoexpo40_I5	Boston-MA	useast	Northeast	4.184027778	6	2015-06-19	2015-06-24	summer	7.585726141	24.99486097	48.81632089	weekday	P1	42.47350702	-71.60669408
chaoexpo39_I15	Bethesda-MD	useast	Northeast	2.500578704	6	2015-06-24	2015-06-27	summer	9.780791483	30.20800332	36.38601713	weekday	P1	38.99791635	-77.09885595
chaoexpo46_I15	Campus	uswest	Westcoast	5.732291667	6	2015-06-26	2015-07-02	summer	7.243382397	29.44405316	39.5914168	weekday	P1	37.40988969	-122.1593497
expo021116B_7	China	asia	Asia	3.899884259	7	2015-07-01	2015-07-05	summer	28.55853984	30.66944592	34.49149429	weekday	P8	39.3433574	117.3616476
expo624P1-2_I12	Norway	europe	Europe	7.858912037	7	2015-07-03	2015-07-12	summer	9.129453174	24.17006212	41.26785909	weekday	P1	59.92982294	10.72748498
chaoexpo22_I5	China	asia	Asia	1.829166667	7	2015-07-05	2015-07-08	summer	28.33877499	29.95394662	38.73516831	weekday	P8	24.880095	102.832891
Expo0303B_I12	China	asia	Asia	2.178009259	7	2015-07-09	2015-07-11	summer	66.49808694	32.58977742	42.57604421	weekday	P8	39.3433574	117.3616476
chaoexpo43_I12	China	asia	Asia	1.47037037	7	2015-07-11	2015-07-13	summer	55.70733627	27.05987756	41.06351543	weekday	P8	39.3433574	117.3616476
expo623P2-2_I12	Norway	europe	Europe	6.452199074	7	2015-07-12	2015-07-18	summer	15.19647694	28.53770295	36.27179938	weekday	P1	63.43591177	10.40676598
chaoexpo54_I6	Campus	uswest	Westcoast	3.846412037	7	2015-07-20	2015-07-24	summer	7.051123883	29.28915286	37.8070442	weekday	P1	37.40988969	-122.1593497
chaoexpo26_I12	Campus	uswest	Westcoast	5.639467593	7	2015-07-24	2015-08-02	summer	7.227398666	28.53682078	36.43521806	weekday	P1	37.40988969	-122.1593497
chaoexpo24_I12	Iowa_city-IA	useast	Northeast	1.653819444	7	2015-07-30	2015-08-01	summer	5.0060886	23.66531296	38.21246413	weekday	P1	41.66315887	-91.54413738
expo623P1-2_I5	Canada	uswest	Westcoast	3.160300926	8	2015-08-02	2015-08-05	summer	9.650210584	30.27053796	30.53976927	weekday	P1	51.17311515	-115.5629289
Expo0324B_I5	Campus	uswest	Westcoast	4.79212963	8	2015-08-06	2015-08-11	summer	10.90860786	24.18716133	45.81211719	weekend	P1	37.40988969	-122.1593497
Expo0317B_I5	Campus	uswest	Westcoast	4.689583333	8	2015-08-11	2015-08-16	summer	5.964238116	28.68041969	37.95716719	weekday	P1	37.40988969	-122.1593497
Chao-expo20_I15	China	asia	Asia	3.003240741	8	2015-08-17	2015-08-20	summer	13.66452135	31.5302638	44.00316402	weekday	P1	30.63191974	104.0747304
Expo0303B_I15	Pediatric-background	uswest	Westcoast	2.012268519	8	2015-08-21	2015-08-23	summer	3.960427931	30.09657605	42.08908317	weekday	Others	37.4323403	-122.17595
Expo0308B_I12	Campus	uswest	Westcoast	5.665625	8	2015-08-20	2015-08-26	summer	9.486057486	31.59592458	34.97135094	weekday	P1	37.40988969	-122.1593497
expo021116B_8	Chicago-IL	useast	Northeast	2.233333333	8	2015-08-27	2015-08-29	summer	7.63422471	24.66937985	41.09880804	weekday	P1	40.00308734	-83.03707693
chaoexpo36_I12	Campus	uswest	Westcoast	2.870601852	8	2015-08-29	2015-09-01	summer	10.16772841	28.24533173	39.80623337	weekday	P1	37.40988969	-122.1593497
chaoexpo47_I5	P2_work_home	uswest	Westcoast	5.522800926	9	2015-09-09	2015-09-15	fall	6.131211099	28.32795888	37.77183603	weekday	P2	37.4594516	-122.1636314
chaoexpo43_I15	Richland-WA	uswest	Westcoast	1.387037037	9	2015-09-13	2015-09-15	fall	20.60689252	28.22612936	26.67918057	weekday	P1	46.2182106	-119.2172538
chaoexpo31_I12	Monterey-CA	uswest	Westcoast	2.005902778	9	2015-09-16	2015-09-18	fall	16.68836189	29.19248453	40.30811263	weekday	P1	36.6111478	-121.8589246
chaoexpo40_I6	Reno-NV	uswest	Westcoast	6.585763889	9	2015-09-15	2015-09-22	fall	7.773747386	25.27340308	40.01471152	weekday	P2	39.4757191	-119.7786747
chaoexpo47_I6	Campus	uswest	Westcoast	5.718981481	9	2015-09-19	2015-09-25	fall	11.44003481	27.02793316	35.85252975	weekday	P1	37.40988969	-122.1593497
chaoexpo26_I15	Xin_office-background	uswest	Westcoast	5.993171296	9	2015-09-22	2015-09-28	fall	6.363820706	28.21394072	37.63807381	weekday	Others	37.4087126	-122.1498307
Expo0324B_I6	Xin_office-background	uswest	Westcoast	5.992013889	9	2015-09-22	2015-09-28	fall	4.667960827	29.11095186	37.46141662	weekday	Others	37.4087126	-122.1498307
chaoexpo34_I12	P2_work_home	uswest	Westcoast	6.884837963	9	2015-09-22	2015-09-29	fall	7.284458267	23.96847055	41.98411196	weekday	P2	37.4594516	-122.1636314
chaoexpo30_I12	Canada	uswest	Westcoast	3.237268519	9	2015-09-27	2015-10-01	fall	7.453307115	23.50606352	41.12293171	weekday	P1	49.28833882	-123.1124077
chaoexpo36_I15	Lexington-KY	useast	Northeast	2.009027778	10	2015-10-01	2015-10-03	fall	10.85626224	28.63973991	32.53515958	weekday	P1	38.0498426	-84.50129234
chaoexpo28_I6	P2_work_home	uswest	Westcoast	7.064583333	10	2015-09-29	2015-10-06	fall	8.099200498	25.32268784	45.75404174	weekday	P2	37.4594516	-122.1636314
expo623P1-2_I6	Mike_background	uswest	Westcoast	13.890625	10	2015-09-28	2015-10-12	fall	5.362254718	24.07608186	43.38583344	weekday	Others	37.4323403	-122.17595
chaoexpo40_I12	Baltimore-MD	useast	Northeast	4.179050926	10	2015-10-05	2015-10-09	fall	7.304622372	25.02752009	41.1276733	weekday	P1	39.28352897	-76.60172713
Expo0317B_I6	Boston-MA	useast	Northeast	1.869560185	10	2015-10-09	2015-10-11	fall	4.397016034	27.9827963	33.78858416	weekday	P1	42.37213961	-71.12296395
Expo0317B_I12	P2_work_home	uswest	Westcoast	12.95659722	10	2015-10-06	2015-10-19	fall	8.438777971	27.58839894	42.39929608	weekday	P2	37.4594516	-122.1636314
expo624P1-2_I15	Campus	uswest	Westcoast	3.88125	10	2015-10-12	2015-10-16	fall	100.027077	25.80704128	45.97801336	weekday	P1	37.40988969	-122.1593497
expo623P2-2_I15	Campus	uswest	Westcoast	2.681134259	10	2015-10-16	2015-10-19	fall	7.326699763	24.95235021	47.63276926	weekend	P1	37.40988969	-122.1593497
chaoexpo30_I15	Campus	uswest	Westcoast	3.901851852	10	2015-10-19	2015-10-23	fall	8.400777171	26.90754282	44.05453844	weekday	P1	37.40988969	-122.1593497
Expo0308B_I15	Campus	uswest	Westcoast	3.896527778	10	2015-10-23	2015-10-27	fall	7.958147686	24.47789923	45.61058635	weekend	P1	37.40988969	-122.1593497
Expo0323B_I6	P2_work_home	uswest	Westcoast	17.9287037	10	2015-10-19	2015-11-06	fall	6.233376801	24.79702775	48.61492473	weekday	P2	37.4594516	-122.1636314
chaoexpo47_I12	Mike_background	uswest	Westcoast	2.872453704	10	2015-10-27	2015-10-30	fall	4.378273834	24.43822324	39.19693368	weekday	Others	37.4323403	-122.17595
chaoexpo49_I15	France	europe	Europe	2.903125	10	2015-10-27	2015-10-30	fall	7.244587968	26.52707538	30.43568154	weekday	P1	45.89293586	6.167880127
chaoexpo50_I5	Campus	uswest	Westcoast	2.084953704	11	2015-10-31	2015-11-02	fall	57.82830021	25.25826968	46.31644277	weekday	P1	37.40988969	-122.1593497
chaoexpo40_I15	Campus	uswest	Westcoast	4.041666667	11	2015-11-02	2015-11-06	fall	4.762113402	26.22653492	36.26108534	weekday	P1	37.40988969	-122.1593497
chaoexpo31_I15	Campus	uswest	Westcoast	2.753935185	11	2015-11-06	2015-11-09	fall	12.13843826	23.39446819	40.251534	weekend	P1	37.40988969	-122.1593497
chaoexpo50_I6	Campus	uswest	Westcoast	5.523611111	11	2015-11-09	2015-11-15	fall	10.19880982	25.97731253	33.11065711	weekday	P1	37.40988969	-122.1593497
chaoexpo44_I5	P2_work_home	uswest	Westcoast	13.50659722	11	2015-11-06	2015-11-23	fall	6.533004276	19.75782107	46.16917487	weekday	P2	37.4594516	-122.1636314
chaoexpo47_I15	Germany	europe	Europe	4.578935185	11	2015-11-15	2015-11-20	fall	2.417142713	28.23928463	32.61832567	weekday	P1	49.3843105	8.709389192
chaoexpo24_I15	Campus	uswest	Westcoast	NA	11	2015-11-20	2015-11-23	fall	NA	NA	NA	weekend	P1	37.40988969	-122.1593497
Expo0317B_I15	Campus	uswest	Westcoast	2.277777778	11	2015-11-23	2015-11-25	fall	3.398069106	26.98256574	31.84884654	weekday	P1	37.40988969	-122.1593497
chaoexpo44_I6	Campus-thanksgiving	uswest	Westcoast	4.770833333	11	2015-11-25	2015-11-30	fall	25.97748666	25.33205603	31.73796215	weekday	P1	37.40988969	-122.1593497
chaoexpo28_I12	Bethesda-MD	useast	Northeast	0.002662037	12	2015-11-30	2015-12-03	winter	2.347826087	30.8125	27.08695652	weekday	P1	38.99791635	-77.09885595
chaoexpo22_I6	Campus	uswest	Westcoast	6.42025463	12	2015-12-01	2015-12-10	winter	1.162571434	24.40710819	46.78895279	weekday	P2	37.40988969	-122.1593497
Expo0324B_I12	Philadephia-PA	useast	Northeast	2.729282407	12	2015-12-03	2015-12-06	winter	6.31847674	29.45480219	23.36761376	weekday	P1	40.24783815	-75.58747128
chaoexpo34_I15	Yale-Connecticut	useast	Northeast	4.100462963	12	2015-12-06	2015-12-10	winter	9.032911821	27.61362336	26.53782319	weekday	P1	41.30554102	-72.92788858
Chao-expo20_I12	Campus-christmas	uswest	Westcoast	2.99212963	12	2015-12-11	2015-12-14	winter	5.727293826	22.75894469	39.13325468	weekend	P1	37.40988969	-122.1593497
chaoexpo54_I12	Campus	uswest	Westcoast	4.143634259	12	2015-12-14	2015-12-18	winter	6.553001313	24.34174448	33.70986844	weekday	P1	37.40988969	-122.1593497
chaoexpo54_I15	Campus	uswest	Westcoast	3.425462963	12	2015-12-18	2015-12-22	winter	4.504054602	23.3316004	40.44211042	weekend	P1	37.40988969	-122.1593497
chaoexpo55_I5	Yale-Connecticut	useast	Northeast	2.193171296	12	2015-12-23	2015-12-25	winter	4.565095783	24.35636249	39.08682252	weekday	P1	41.75736384	-72.75577191
chaoexpo50_I12	Monterey-CA	uswest	Westcoast	15.57048611	12	2015-12-18	2016-01-03	winter	17.77222755	21.85210362	40.2043656	weekday	P2	36.6002378	-121.8946761
chaoexpo48_I5	Philadephia-PA	useast	Northeast	3.179976852	12	2015-12-25	2015-12-28	winter	16.92436761	24.20901568	39.52475705	weekend	P1	40.24783815	-75.58747128
chaoexpo50_I15	Yale-Connecticut	useast	Northeast	5.104166667	12	2015-12-28	2016-01-02	winter	12.5252381	25.449593	30.52906803	weekday	P1	41.75736384	-72.75577191
Expo0323B_I12	Campus	uswest	Westcoast	2.258449074	1	2016-01-03	2016-01-05	winter	7.236457746	26.17705044	38.58691129	weekday	P1	37.40988969	-122.1593497
chaoexpo51_I5	San_Diego-CA	uswest	Westcoast	2.016898148	1	2016-01-05	2016-01-07	winter	3.253988293	26.88382285	33.77648342	weekday	P1	32.89389037	-117.2426647
chaoexpo55_I6	San_Diego-CA	uswest	Westcoast	2.628356481	1	2016-01-05	2016-01-07	winter	4.636575807	23.20307794	42.49571976	weekday	P2	32.711126	-117.168068
chaoexpo48_I6	LA-CA	uswest	Westcoast	2.565625	1	2016-01-07	2016-01-10	winter	7.13168223	23.95851552	34.33888663	weekday	P1	34.3637	-118.55116
chaoexpo55_I12	Reno-NV	uswest	Westcoast	5.144212963	1	2016-01-10	2016-01-15	winter	4.303199388	25.80555331	35.08553526	weekday	P2	39.4757191	-119.7786747
chaoexpo44_I12	Campus	uswest	Westcoast	3.327893519	1	2016-01-11	2016-01-15	winter	2.58859945	25.72391802	36.76763816	weekday	P1	37.40988969	-122.1593497
chaoexpo22_I12	Campus	uswest	Westcoast	2.841550926	1	2016-01-15	2016-01-18	winter	9.786485276	25.86342147	46.04724044	weekend	P1	37.40988969	-122.1593497
chaoexpo55_I15	Dallas-TX	uswest	Southwest	1.193055556	1	2016-01-19	2016-01-20	winter	3.40104773	23.63354614	33.28408033	weekday	P2	32.7556215	-97.3324061
chaoexpo51_I6	Campus	uswest	Westcoast	3.942476852	1	2016-01-18	2016-01-22	winter	4.465519772	23.79662704	42.58581746	weekday	P1	37.40988969	-122.1593497
chaoexpo56_I5	Mike_background	uswest	Westcoast	2.890509259	1	2016-01-19	2016-01-22	winter	6.447705614	20.88320556	41.68448386	weekday	Others	37.4087126	-122.1498307
chaoexpo44_I15	Campus	uswest	Westcoast	2.209490741	1	2016-01-22	2016-01-25	winter	7.703562074	23.78663428	42.99320587	weekend	P1	37.40988969	-122.1593497
chaoexpo28_I15	Campus	uswest	Westcoast	3.445023148	1	2016-01-25	2016-01-28	winter	8.873710734	25.22203823	42.55871325	weekday	P1	37.40988969	-122.1593497
expo623P1-2_I12	SF-CA	uswest	Westcoast	2.404976852	1	2016-01-29	2016-01-31	winter	6.371913952	26.68924561	40.39602483	weekday	P1	37.788407	-122.4068
Expo0324B_I15	Campus	uswest	Westcoast	4.512615741	2	2016-01-31	2016-02-05	winter	4.373489959	22.77049256	36.39779425	weekday	P1	37.40988969	-122.1593497
chaoexpo32_I5	Denver-CO	uswest	Westcoast	1.025578704	2	2016-02-04	2016-02-05	winter	0.924387767	27.16792708	14.48124365	weekday	P1	39.738968	-104.94227
chaoexpo51_I12	Canada	uswest	Westcoast	4.695833333	2	2016-02-07	2016-02-12	winter	4.63647343	27.75377866	21.02653801	weekday	P1	51.17311515	-115.5629289
chaoexpo56_I6	Campus	uswest	Westcoast	3.992361111	2	2016-02-12	2016-02-16	winter	6.176262538	30.10291971	34.53640923	weekend	P1	37.40988969	-122.1593497
chaoexpo51_I15	Campus	uswest	Westcoast	1.867013889	2	2016-02-16	2016-02-18	winter	4.235323291	24.79742366	36.72598723	weekday	P1	37.40988969	-122.1593497
chaoexpo74_I6	Campus	uswest	Westcoast	2.078703704	2	2016-02-19	2016-02-21	winter	10.55417595	23.88336109	41.1607461	weekday	P1	37.40988969	-122.1593497
chaoexpo74_I12	Campus	uswest	Westcoast	3.416782407	2	2016-02-19	2016-02-23	winter	7.205548593	25.22319384	50.57908269	weekend	P8	37.40988969	-122.1593497
chaoexpo56_I12	Campus	uswest	Westcoast	2.799652778	2	2016-02-22	2016-02-25	winter	4.536318161	25.14914667	31.69886725	weekday	P1	37.40988969	-122.1593497
chaoexpo22_I15	Houston-TX	uswest	Southwest	3.189236111	2	2016-02-23	2016-02-26	winter	11.44071856	23.93209125	36.43089457	weekday	P3	29.7604267	-95.3698028
chaoexpo70_I6	Bozeman-MT	uswest	Westcoast	1.661458333	2	2016-02-25	2016-02-27	winter	19.40355277	35.80047907	12.27887844	weekday	P1	45.680806	-111.03612
chaoexpo74_I15	Campus	uswest	Westcoast	2.9	2	2016-02-26	2016-02-29	winter	6.615461367	23.00450096	40.44586127	weekend	P7	37.40988969	-122.1593497
chaoexpo62_I6	Houston-TX	uswest	Southwest	3.322106481	2	2016-02-27	2016-03-02	winter	4.777619064	29.59336182	38.10318434	weekday	P1	29.751062	-95.360168
chaoexpo52_I5	Redwood_city-CA	uswest	Westcoast	5.989814815	3	2016-03-01	2016-03-07	spring	7.224841552	24.83041794	41.99245247	weekday	P3	37.4852152	-122.2363548
chaoexpo75_I12	Campus	uswest	Westcoast	0.565162037	3	2016-03-03	2016-03-07	spring	7.809748106	31.81728942	31.81523653	weekend	P1	37.40988969	-122.1593497
Expo0323B_I15	Campus	uswest	Westcoast	4.069328704	3	2016-03-04	2016-03-08	spring	4.913023692	24.05702374	48.79957621	weekend	Others	37.40988969	-122.1593497
chaoexpo75_I15	Campus	uswest	Westcoast	2.584259259	3	2016-03-05	2016-03-09	spring	4.092529559	29.82744074	32.0542861	weekday	P1	37.40988969	-122.1593497
chaoexpo56_I15	Redwood_city-CA	uswest	Westcoast	3.005092593	3	2016-03-07	2016-03-10	spring	5.484709598	23.47258901	41.96241334	weekday	P3	37.4852152	-122.2363548
chaoexpo62_I12	Campus	uswest	Westcoast	2.50787037	3	2016-03-09	2016-03-12	spring	3.183173343	28.28697432	32.7635084	weekday	P1	37.40988969	-122.1593497
chaoexpo75_I5	Redwood_city-CA	uswest	Westcoast	6.315277778	3	2016-03-10	2016-03-17	spring	15.39964079	23.66728987	43.27428708	weekday	P3	37.4852152	-122.2363548
chaoexpo70_I12	Boston-MA	useast	Northeast	2.530439815	3	2016-03-13	2016-03-16	spring	22.266935	30.03452825	24.66511915	weekday	P1	42.345926	-71.043346
chaoexpo70_I15	Campus	uswest	Westcoast	0.949884259	3	2016-03-17	2016-03-18	spring	5.054587547	30.52632155	28.20600707	weekday	P1	37.40988969	-122.1593497
chaoexpo62_I15	East_Lansing-MI	useast	Northeast	1.19837963	3	2016-03-18	2016-03-20	spring	4.502897431	34.60863164	14.31403322	weekday	P1	42.684997	-84.430224
chaoexpo52_I6	p3_home	uswest	Westcoast	4.558101852	3	2016-03-17	2016-03-29	spring	5.630160987	22.03302697	46.43063328	weekday	P3	37.5629917	-122.3255254
chaoexpo71_I5	Campus	uswest	Westcoast	4.812152778	3	2016-03-21	2016-03-26	spring	13.9487938	28.42258018	35.79782572	weekday	P1	37.40988969	-122.1593497
chaoexpo71_I6	SF-CA	uswest	Westcoast	2.703819444	3	2016-03-26	2016-03-29	spring	4.415607209	30.81157052	23.50705877	weekday	P1	38.535476	-121.74619
chaoexpo32_I6	Australia	oceania	Oceania	13.59675926	3	2016-03-29	2016-04-03	spring	1.851407947	25.52966387	42.16987044	weekday	P3	-37.8136276	144.9630576
chaoexpo76_I5	Boston-MA	useast	Northeast	1.560648148	3	2016-03-30	2016-04-01	spring	3.642835954	30.27919255	19.60545832	weekday	P1	42.3625	-71.087421
chaoexpo71_I12	Philadephia-PA	useast	Northeast	NA	4	2016-04-02	2016-04-06	spring	NA	NA	NA	weekday	P1	40.24783815	-75.58747128
chaoexpo63_I5	Bethesda-MD	useast	Northeast	2.002777778	4	2016-04-06	2016-04-08	spring	0.89690245	30.28885048	25.6339748	weekday	P1	38.99791635	-77.09885595
chaoexpo71_I15	Spain	europe	Europe	1.216782407	4	2016-04-08	2016-04-11	spring	4.786653753	34.1650165	28.15058499	weekend	P1	41.385732	2.1948035
chaoexpo76_I6	Campus	uswest	Westcoast	2.585416667	4	2016-04-11	2016-04-13	spring	8.295953084	26.95939215	33.99657982	weekday	P1	37.40988969	-122.1593497
chaoexpo63_I12	Campus	uswest	Westcoast	1.827199074	4	2016-04-15	2016-04-18	spring	6.153354025	28.26216053	27.08629885	weekend	P1	37.40988969	-122.1593497
chaoexpo72_I5	Chicago-IL	useast	Northeast	5.148611111	4	2016-04-15	2016-04-18	spring	6.102598687	30.83412794	22.67131328	weekend	P1	41.885664	-87.620795
chaoexpo63_I6	China	asia	Asia	9.252430556	4	2016-04-14	2016-04-23	spring	34.70803468	26.83516952	40.79594326	weekday	P8	39.3433574	117.3616476
chaoexpo63_I15	New_orleans-LA	useast	Southeast	5.874768519	4	2016-04-19	2016-04-20	spring	8.638638244	30.69528841	23.90305174	weekday	P1	29.94153861	-90.06440491
chaoexpo76_I12	Campus	uswest	Westcoast	3.406134259	4	2016-04-21	2016-04-25	spring	7.534404839	27.96219128	31.12213803	weekend	P1	37.40988969	-122.1593497
chaoexpo48_I12	Redwood_city-CA	uswest	Westcoast	4.485763889	4	2016-04-23	2016-04-29	spring	7.144851253	31.09845054	36.17475553	weekday	P3	37.4852152	-122.2363548
chaoexpo68_I5	San_Diego-CA	uswest	Westcoast	0.907638889	4	2016-04-26	2016-04-27	spring	4.780923234	27.62589626	32.92837286	weekday	P1	37.40988969	-122.1593497
chaoexpo48_I15	Campus	uswest	Westcoast	6.213888889	5	2016-04-30	2016-05-06	spring	1.653702876	24.86277372	40.63822456	weekday	P1	37.40988969	-122.1593497
chaoexpo64_I5	Campus	uswest	Westcoast	1.913194444	5	2016-05-06	2016-05-08	spring	79.01403509	23.48025697	42.43952208	weekday	P1	37.40988969	-122.1593497
chaoexpo68_I6	Nassau-NY	useast	Northeast	2.382407407	5	2016-05-09	2016-05-12	spring	3.701418578	31.76524372	20.77796347	weekday	P1	40.85864131	-73.4679735
chaoexpo76_I15	Bethesda-MD	useast	Northeast	1.113194444	5	2016-05-12	2016-05-14	spring	7.932418382	36.19046053	25.65296319	weekday	P1	38.99791635	-77.09885595
chaoexpo72_I6	Campus	uswest	Westcoast	2.662152778	5	2016-05-13	2016-05-16	spring	9.737924438	26.05986474	41.34178079	weekend	P1	37.40988969	-122.1593497
chaoexpo68_I12	Germany	europe	Europe	4.420023148	5	2016-05-16	2016-05-21	spring	14.94616251	39.58136126	27.59881641	weekday	P1	49.37030239	8.705762353
chaoexpo72_I12	DC	useast	Northeast	1.534606481	5	2016-05-22	2016-05-23	spring	6.902330493	31.45929541	24.302421	weekday	P1	38.99791635	-77.09885595
chaoexpo64_I6	Campus	uswest	Westcoast	3.346643519	5	2016-05-23	2016-05-28	spring	6.007677676	29.0980453	29.41756182	weekday	P1	37.40988969	-122.1593497
chaoexpo72_I15	Sweden	europe	Europe	4.65150463	6	2016-05-30	2016-06-04	summer	9.584936177	27.42153987	32.321058	weekday	P1	59.85625072	17.6406181
chaoexpo73_I5	Campus	uswest	Westcoast	NA	6	2016-06-06	2016-06-09	summer	NA	NA	NA	weekday	P1	37.40988969	-122.1593497
chaoexpo64_I12	Campus	uswest	Westcoast	3.815393519	6	2016-06-09	2016-06-14	summer	10.71773093	28.43434945	34.82192325	weekend	P1	37.40988969	-122.1593497
expo623P1-2_I15	Campus	uswest	Westcoast	NA	6	2016-06-10	2016-06-13	summer	NA	NA	NA	weekend	P7	37.40988969	-122.1593497
chaoexpo32_I12	San_Diego-CA	uswest	Westcoast	2.030671296	6	2016-06-14	2016-06-17	summer	2.792761471	31.92396455	31.8385238	weekday	P1	32.887094	-117.24494
chaoexpo68_I15	Campus	uswest	Westcoast	2.206134259	6	2016-06-17	2016-06-20	summer	9.273595299	29.46885435	26.53477257	weekend	P1	37.40988969	-122.1593497
chaoexpo73_I6	Bethesda-MD	useast	Northeast	1.589814815	6	2016-06-20	2016-06-22	summer	7.900043681	32.83491614	31.20695981	weekday	P1	38.99791635	-77.09885595
chaoexpo73_I12	NYC	useast	Northeast	2.075231481	6	2016-06-22	2016-06-24	summer	8.495817066	32.16599933	34.26152817	weekday	P1	40.743884	-73.983974
chaoexpo69_I5	Campus	uswest	Westcoast	3.324768519	6	2016-06-25	2016-06-29	summer	9.249077491	31.34009788	30.49481306	weekday	P1	37.40988969	-122.1593497
chaoexpo32_I15	Campus	uswest	Westcoast	4.994097222	7	2016-06-30	2016-07-04	summer	13.00556212	30.40710621	38.69346914	weekend	P1	37.40988969	-122.1593497
chaoexpo64_I15	Campus	uswest	Westcoast	3.61724537	7	2016-07-04	2016-07-08	summer	6.53041308	31.45208356	30.31402105	weekday	P1	37.40988969	-122.1593497
chaoexpo65_I5	Monterey-CA	uswest	Westcoast	1.37349537	7	2016-07-08	2016-07-10	summer	15.93368164	26.31469624	49.84959973	weekday	P1	36.6111478	-121.8589246
chaoexpo52_I12	p3_work_home	uswest	Westcoast	13.61909722	7	2016-07-03	2016-07-20	summer	1.45002507	28.0277775	42.76208687	weekday	P3	37.5629917	-122.3255254
chaoexpo69_I6	Campus	uswest	Westcoast	0.74837963	7	2016-07-10	2016-07-12	summer	1.720074234	31.10032362	30.44441695	weekday	P1	37.40988969	-122.1593497
chaoexpo65_I6	Orlando-FL	useast	Southeast	4.860069444	7	2016-07-13	2016-07-17	summer	18.50613227	30.29278336	39.50395323	weekday	P1	28.360866	-81.510296
chaoexpo69_I12	Campus	uswest	Westcoast	2.840625	7	2016-07-18	2016-07-22	summer	4.264393106	32.92705667	27.99081204	weekday	P1	37.40988969	-122.1593497
chaoexpo78_I5	Campus	uswest	Westcoast	2.834375	7	2016-07-22	2016-07-24	summer	8.48470742	31.83438759	37.06776104	weekday	P1	37.40988969	-122.1593497
chaoexpo78_I6	Campus	uswest	Westcoast	4.73900463	7	2016-07-25	2016-07-31	summer	7.518891196	32.9526673	31.42466479	weekday	P1	37.40988969	-122.1593497
chaoexpo65_I12	Green-Mountains-VT	useast	Northeast	3.071412037	8	2016-07-31	2016-08-02	summer	7.629121604	30.46362714	39.55606512	weekday	P1	44.472239	-73.186661
chaoexpo69_I15	Campus	uswest	Westcoast	2.235069444	8	2016-08-03	2016-08-06	summer	2.926466781	29.35987301	39.75568329	weekday	P1	37.40988969	-122.1593497
chaoexpo65_I15	China	asia	Asia	3.197569444	8	2016-08-06	2016-08-09	summer	9.589604373	27.51843188	40.5710935	weekday	P1	30.163287	120.19929
chaoexpo77_I5	China	asia	Asia	6.306712963	8	2016-08-10	2016-08-18	summer	17.87454579	32.47019817	42.0642907	weekday	P1	30.163287	120.19929
chaoexpo77_I6	Campus	uswest	Westcoast	2.521412037	8	2016-08-19	2016-08-22	summer	14.26646775	28.64816035	45.27884783	weekend	P1	37.40988969	-122.1593497
chaoexpo77_I12	Campus	uswest	Westcoast	2.493865741	8	2016-08-22	2016-08-25	summer	4.007054346	26.69393308	38.95714021	weekday	P1	37.40988969	-122.1593497
chaoexpo77_I15	LA-CA	uswest	Westcoast	1.050810185	8	2016-08-25	2016-08-26	summer	13.59488931	30.24540362	39.22611521	weekday	P1	34.069287	-118.4457
chaoexpo73_I15	Campus	uswest	Westcoast	1.709837963	8	2016-08-26	2016-08-29	summer	10.3088743	33.81836404	29.95952752	weekend	P1	37.40988969	-122.1593497
chaoexpo75_I6	China	asia	Asia	1.784606481	9	2016-08-31	2016-09-02	fall	19.13185031	30.72256062	50.05504897	weekday	Others	31.2303904	121.4737021
chaoexpo78_I12	Campus	uswest	Westcoast	2.095486111	9	2016-09-07	2016-09-09	fall	10.8607567	31.16032716	29.31832091	weekday	Others	37.40988969	-122.1593497
chaoexpo52_I15	Campus	uswest	Westcoast	1.765625	9	2016-09-26	2016-09-30	fall	8.321796132	27.09631373	37.4763684	weekday	Others	37.40988969	-122.1593497
chaoexpo57_I6	South_bay-CA	uswest	Westcoast	4.095949074	11	2016-11-22	2016-11-27	fall	11.61564554	24.44136294	44.59925401	weekday	P5	37.3229978	-122.032183
chaoexpo57_I12	p3_work_home	uswest	Westcoast	5.857175926	11	2016-11-22	2016-11-28	fall	10.3110447	22.69686426	42.71378295	weekday	P3	37.5629917	-122.3255254
chaoexpo57_I15	East_bay-CA	uswest	Westcoast	5.342013889	11	2016-11-23	2016-11-28	fall	8.76726398	24.91798746	37.41717474	weekday	P4	37.5482697	-121.988572
chaoexpo58_I5	Campus-thanksgiving	uswest	Westcoast	4.686226852	11	2016-11-23	2016-11-28	fall	27.9543168	24.50031113	41.18488725	weekday	P1	37.40988969	-122.1593497
chaoexpo58_I6	South_bay-CA	uswest	Westcoast	7.739467593	12	2016-11-28	2016-12-06	winter	8.84736084	19.98971736	44.60973545	weekday	P5	37.3229978	-122.032183
chaoexpo58_I15	p3_work_home	uswest	Westcoast	5.722800926	12	2016-11-29	2016-12-05	winter	2.603785256	25.7438175	36.5443604	weekday	P3	37.5629917	-122.3255254
chaoexpo59_I5	Campus	uswest	Westcoast	5.215856481	12	2016-11-29	2016-12-05	winter	10.20278709	23.52766609	37.20100965	weekday	P1	37.40988969	-122.1593497
chaoexpo58_I12	East_bay-CA	uswest	Westcoast	7.969328704	12	2016-11-29	2016-12-07	winter	8.037325191	26.531958	32.9983792	weekday	P4	37.5482697	-121.988572
chaoexpo59_I15	Campus	uswest	Westcoast	1.568171296	12	2016-12-05	2016-12-07	winter	2.488601447	22.86674784	37.64206953	weekday	P1	37.40988969	-122.1593497
chaoexpo59_I6	NYC	useast	Northeast	5.394675926	12	2016-12-05	2016-12-11	winter	0.118598198	25.47523331	39.05047844	weekday	P3	40.7127837	-74.0059413
chaoexpo60_I5	DC	useast	Northeast	2.125347222	12	2016-12-07	2016-12-09	winter	1.715087186	28.19413495	20.11300441	weekday	P1	38.910689	-77.045964
chaoexpo59_I12	SF-CA	uswest	Westcoast	6.377430556	12	2016-12-06	2016-12-12	winter	5.466533239	21.25497659	39.22114481	weekday	P6	37.7649039	-122.390318
chaoexpo60_I6	South_bay-CA	uswest	Westcoast	7.463425926	12	2016-12-06	2016-12-14	winter	4.864090705	20.27027681	51.89372247	weekday	P5	37.3229978	-122.032183
chaoexpo60_I12	East_bay-CA	uswest	Westcoast	4.190509259	12	2016-12-08	2016-12-14	winter	3.140020328	37.70291732	36.39437386	weekday	P4	37.5482697	-121.988572
chaoexpo66_I6	India	asia	Asia	5.733101852	12	2016-12-10	2016-12-17	winter	47.2407364	25.78569785	44.27738927	weekday	P1	28.538634	77.151574
chaoexpo60_I15	p3_work_home	uswest	Westcoast	6.127083333	12	2016-12-12	2016-12-20	winter	10.44034083	28.6337755	34.06818731	weekday	P3	37.5629917	-122.3255254
chaoexpo61_I5	SF-CA	uswest	Westcoast	6.369444444	12	2016-12-13	2016-12-21	winter	4.722115896	22.11273441	36.28425098	weekday	P6	37.7649039	-122.390318
chaoexpo61_I6	South_bay-CA	uswest	Westcoast	6.511342593	12	2016-12-14	2016-12-20	winter	3.578912457	NA	33.78344235	weekday	P5	37.3229978	-122.032183
chaoexpo61_I12	East_bay-CA	uswest	Westcoast	6.279166667	12	2016-12-15	2016-12-21	winter	15.73794323	20.62636585	33.93999115	weekday	P4	37.5482697	-121.988572
chaoexpo61_I15	Campus-christmas	uswest	Westcoast	4.624652778	12	2016-12-17	2016-12-22	winter	8.812463373	21.54662512	35.66594089	weekday	P1	37.40988969	-122.1593497
chaoexpo78_I15	China	asia	Asia	7.819328704	12	2016-12-26	2017-01-01	winter	74.56451445	21.60434686	41.52703415	weekday	P7	30.572815	104.066801
chaoexpo66_I12	Yale-Connecticut	useast	Northeast	3.46412037	12	2016-12-29	2017-01-02	winter	25	25	20	weekend	P1	40.24783815	-75.58747128
chaoexpo67_I12	SF-CA	uswest	Westcoast	1.378587963	1	2017-01-20	2017-01-21	winter	7.553445135	22.23596072	45.49171354	weekday	P1	37.838438	-122.47933
chaoexpo66_I15	Campus	uswest	Westcoast	6.855555556	1	2017-01-18	2017-01-25	winter	0.56072476	22.9818983	31.44934664	weekday	Others	37.4323403	-122.17595
chaoexpo67_I15	Campus	uswest	Westcoast	2.165509259	1	2017-01-21	2017-01-24	winter	7.614040246	24.77055618	44.25297167	weekday	P1	37.40988969	-122.1593497
chaoexpo67_I6	Houston-TX	uswest	Southwest	2.953472222	1	2017-01-24	2017-01-27	winter	4.387703582	24.65875088	39.45660318	weekday	P1	29.272251	-94.818915
chaoexpo67_I5	Campus	uswest	Westcoast	2.403587963	1	2017-01-28	2017-02-02	winter	6.433836664	25.00845376	34.67120431	weekday	P1	37.40988969	-122.1593497
